accessor,role,buffer_view,binary_offset,row_stride_bytes,payload_bytes,byte_identical,changed_bytes,source_sha256,result_sha256
0,POSITION,0,0,12,36156,False,3586,40ac01d6ec6fd8b3f2ef6d9338639d440dd5383126f4ced746e2a4bfd37a856b,ce5eed27dce85ae9d11a31c5e86feb8faa95c5b30aff994eb8419913315da557
1,NORMAL,1,36156,12,36156,False,4359,a45f83f6efd6e40e6eb1f32474b4d8a1d9e1866bbbd7719946a4e65d38cdae78,5f404a5fc37e5bd750fb211a58a7f5f3b028c4b4bd2a61eeac355d3edaa957bf
2,TEXCOORD_0,2,72312,8,24104,True,0,ba83a56ef67839aa427302de069652348002e2d9d7f8a13be6a708c684573470,ba83a56ef67839aa427302de069652348002e2d9d7f8a13be6a708c684573470
3,JOINTS_0,3,96416,4,12052,True,0,962b16cb4768170d302d23251c1d4edba761d3ce98d84581a351488d2c598ac8,962b16cb4768170d302d23251c1d4edba761d3ce98d84581a351488d2c598ac8
4,WEIGHTS_0,4,108468,16,48208,True,0,ba6ba68a5e163385a8c25cec5007a2c674b2d48de553839baea77c45402bdf65,ba6ba68a5e163385a8c25cec5007a2c674b2d48de553839baea77c45402bdf65
5,INDICES,5,156676,2,29562,True,0,8903d24b63063f069225d4171aa9c537a3beafceab4f6f1875546ab101803ee4,8903d24b63063f069225d4171aa9c537a3beafceab4f6f1875546ab101803ee4
6,INVERSE_BIND_MATRICES,9,824872,64,6464,True,0,ae6e356d1b33d10dd6c2f8d0810eea9af09963dde1ad151a711c6d778b0f7d63,ae6e356d1b33d10dd6c2f8d0810eea9af09963dde1ad151a711c6d778b0f7d63
7,ANIMATION,10,831336,4,8,True,0,b8ee10a6dc5e4f4cc96ebdae019debc6f2d6e2e5702b35507853c5bf812151ff,b8ee10a6dc5e4f4cc96ebdae019debc6f2d6e2e5702b35507853c5bf812151ff
8,ANIMATION,11,831344,12,24,True,0,41c7d54eb4604a51ad5de0f69ec93831b2b62c7e62bcb0967b5cec7d236f0c90,41c7d54eb4604a51ad5de0f69ec93831b2b62c7e62bcb0967b5cec7d236f0c90
9,ANIMATION,12,831368,16,32,True,0,a02166f406c5ba63ef17d4f8f676a80211336e1fb28bbf02be2d28f98a8a5017,a02166f406c5ba63ef17d4f8f676a80211336e1fb28bbf02be2d28f98a8a5017
10,ANIMATION,13,831400,12,24,True,0,f46913286d895f62d646314f400fc3d7a543cf34eb4ae56df87f43dc4582a36b,f46913286d895f62d646314f400fc3d7a543cf34eb4ae56df87f43dc4582a36b
11,ANIMATION,14,831424,4,2160,True,0,1170a6f15b5f2edc456283ca411a37f4d6829cf9b1a86843da503a505e4f4c3a,1170a6f15b5f2edc456283ca411a37f4d6829cf9b1a86843da503a505e4f4c3a
12,ANIMATION,15,833584,12,6480,True,0,b9c93ae78c92c35b75dbdb8f3cc8e661178f858257709dcd321a750c71c75a90,b9c93ae78c92c35b75dbdb8f3cc8e661178f858257709dcd321a750c71c75a90
13,ANIMATION,16,840064,16,8640,True,0,36e9e6f1b0267f4c29a2df678ae55a8402f6dcb0c1007c7140c7e6c24feceedc,36e9e6f1b0267f4c29a2df678ae55a8402f6dcb0c1007c7140c7e6c24feceedc
14,ANIMATION,17,848704,12,24,True,0,5bb485e1ae8e4ac3ddaa86d03be816ee7552dace53b6a770159950f0488f8064,5bb485e1ae8e4ac3ddaa86d03be816ee7552dace53b6a770159950f0488f8064
15,ANIMATION,18,848728,12,6480,True,0,16e7ddcb97e5d3b2ad9feb66c3b94474e5316dc008b18902ad52433da0f027a2,16e7ddcb97e5d3b2ad9feb66c3b94474e5316dc008b18902ad52433da0f027a2
16,ANIMATION,19,855208,16,8640,True,0,46d8b47b972439156d7578874a5edfd72cb5408c7de619b774460d912451670e,46d8b47b972439156d7578874a5edfd72cb5408c7de619b774460d912451670e
17,ANIMATION,20,863848,12,24,True,0,263cc43ad76e82e1a653075f86923e1d4b574ab31c674123fc3e813b2b4d3726,263cc43ad76e82e1a653075f86923e1d4b574ab31c674123fc3e813b2b4d3726
18,ANIMATION,21,863872,12,6480,True,0,da5e712a6d4ec81b37eb76df20f35187861a07c758477965216f1e3e0e930a8f,da5e712a6d4ec81b37eb76df20f35187861a07c758477965216f1e3e0e930a8f
19,ANIMATION,22,870352,16,8640,True,0,0320fa338c8b8a1e279fc5dc2aa83959e4c98f190fa565e9379ce31e69b98e06,0320fa338c8b8a1e279fc5dc2aa83959e4c98f190fa565e9379ce31e69b98e06
20,ANIMATION,23,878992,12,24,True,0,8839854878bf001b9f3bfbd0f577748e997f1e587d9c614a6c5b067978c387fa,8839854878bf001b9f3bfbd0f577748e997f1e587d9c614a6c5b067978c387fa
21,ANIMATION,24,879016,12,6480,True,0,56a31a3ebfcef1270d25d178eca3badaa8b0ac97135ab3686aaed0d0bbcd43d0,56a31a3ebfcef1270d25d178eca3badaa8b0ac97135ab3686aaed0d0bbcd43d0
22,ANIMATION,25,885496,16,8640,True,0,957d08512398808d6cf050ec8392caf66f595689a24100695d2feb841d7bb82c,957d08512398808d6cf050ec8392caf66f595689a24100695d2feb841d7bb82c
23,ANIMATION,26,894136,12,24,True,0,4a1363bc0a9beb7b79bd88c6dc13284733078461d3fe1799eeb11b902074c727,4a1363bc0a9beb7b79bd88c6dc13284733078461d3fe1799eeb11b902074c727
24,ANIMATION,27,894160,12,6480,True,0,346eca9b459765dbafd913589a00a63ff770298492db7b7ecb3c3e3164c8c387,346eca9b459765dbafd913589a00a63ff770298492db7b7ecb3c3e3164c8c387
25,ANIMATION,28,900640,16,8640,True,0,49122c98cbc689708df383eaaa1639c140cceca3337cfa19264da4c83a97a9c5,49122c98cbc689708df383eaaa1639c140cceca3337cfa19264da4c83a97a9c5
26,ANIMATION,29,909280,12,24,True,0,11b3ecbbcd31ae9216dc3ab235b81cc1bf2731732669115fa63b721e9ab60d36,11b3ecbbcd31ae9216dc3ab235b81cc1bf2731732669115fa63b721e9ab60d36
27,ANIMATION,30,909304,12,6480,True,0,2b0059b733d5513516d055cdad81dfc23f33f0dbd67f67e9ee6669faaf39b9da,2b0059b733d5513516d055cdad81dfc23f33f0dbd67f67e9ee6669faaf39b9da
28,ANIMATION,31,915784,16,8640,True,0,487feb414c0e9feea08634e56bfa0afda7dbfd3f38438252de50b3adf1c0ebce,487feb414c0e9feea08634e56bfa0afda7dbfd3f38438252de50b3adf1c0ebce
29,ANIMATION,32,924424,12,24,True,0,845aa6ad4e6d2538dc4399ba436807fa4dd0082ee76d8663e5c96e3a7de77501,845aa6ad4e6d2538dc4399ba436807fa4dd0082ee76d8663e5c96e3a7de77501
30,ANIMATION,33,924448,12,6480,True,0,51a8604f1a6fcceb0e05c9a3a7113930d8e120398268db4e744546ab7a98f853,51a8604f1a6fcceb0e05c9a3a7113930d8e120398268db4e744546ab7a98f853
31,ANIMATION,34,930928,16,32,True,0,2d279645c8387eac2f93059f22a17903a5d458f3f0252272c77d7d3c5e27ddd5,2d279645c8387eac2f93059f22a17903a5d458f3f0252272c77d7d3c5e27ddd5
32,ANIMATION,35,930960,12,24,True,0,610c4a7523de08cb8ee3f88a9e50f98fafa03e5e1e0671034cdd60b6f204f2e1,610c4a7523de08cb8ee3f88a9e50f98fafa03e5e1e0671034cdd60b6f204f2e1
33,ANIMATION,36,930984,12,6480,True,0,f18ceae1fae5ccac67571b9bf6255d92c06ae0d915a194db34f439821244eda9,f18ceae1fae5ccac67571b9bf6255d92c06ae0d915a194db34f439821244eda9
34,ANIMATION,37,937464,16,8640,True,0,b254525d374a7e2bc3f034a2038a30ad0d25b938dabde7023528e14a23227029,b254525d374a7e2bc3f034a2038a30ad0d25b938dabde7023528e14a23227029
35,ANIMATION,38,946104,12,24,True,0,fbab7fcdc7061776be614c27841de3a5ba75eae1f7f43fba0d6b6069b25d1569,fbab7fcdc7061776be614c27841de3a5ba75eae1f7f43fba0d6b6069b25d1569
36,ANIMATION,39,946128,12,6480,True,0,c7efe527a08aaeb3c50c036701321e898c18c5e35edd335d2b3a8e0f4c55c5ef,c7efe527a08aaeb3c50c036701321e898c18c5e35edd335d2b3a8e0f4c55c5ef
37,ANIMATION,40,952608,16,8640,True,0,a22f93142fbe7dcae4b7216e38d3c42344f098413cb0aa959540cf581c0999cd,a22f93142fbe7dcae4b7216e38d3c42344f098413cb0aa959540cf581c0999cd
38,ANIMATION,41,961248,12,24,True,0,8a0c875b2adf234164e07355c7965de40f0bc26b8b444b52d8f0516a88f921f2,8a0c875b2adf234164e07355c7965de40f0bc26b8b444b52d8f0516a88f921f2
39,ANIMATION,42,961272,12,6480,True,0,78d44d2b47c36ef69de8e0506a194ea8632210ec95a71f4e5beeadd15656f0a4,78d44d2b47c36ef69de8e0506a194ea8632210ec95a71f4e5beeadd15656f0a4
40,ANIMATION,43,967752,16,32,True,0,83b4f03ce6c561b9210c23f4ef67b6ce37ea6500261bc1249e09ea3178fb9b6e,83b4f03ce6c561b9210c23f4ef67b6ce37ea6500261bc1249e09ea3178fb9b6e
41,ANIMATION,44,967784,12,24,True,0,0d88bfbfbecce34b9efd6e417f99fbd3af51a19f1f66105ca0b325d494bea444,0d88bfbfbecce34b9efd6e417f99fbd3af51a19f1f66105ca0b325d494bea444
42,ANIMATION,45,967808,12,6480,True,0,4fd15c103c3ddc780ddabce72caa6b6c2887e122c6479c2282cc9336d0ff3eef,4fd15c103c3ddc780ddabce72caa6b6c2887e122c6479c2282cc9336d0ff3eef
43,ANIMATION,46,974288,16,32,True,0,510b3f3b91f2360ad67c6ad7b1c783ee87750cb71bda31a1957fb2586ab6090b,510b3f3b91f2360ad67c6ad7b1c783ee87750cb71bda31a1957fb2586ab6090b
44,ANIMATION,47,974320,12,24,True,0,ec0b96b1e63e54b1a33520df8faeebbb3353766f67647f80abcec57c6bea09ad,ec0b96b1e63e54b1a33520df8faeebbb3353766f67647f80abcec57c6bea09ad
45,ANIMATION,48,974344,12,6480,True,0,d6b20466657282cfeef25f19cbe80600539531a38119c47f302dd22088bcb1c7,d6b20466657282cfeef25f19cbe80600539531a38119c47f302dd22088bcb1c7
46,ANIMATION,49,980824,16,8640,True,0,c2f9b40dcea11fb68641c83e7bddbb38dff5d03ff0a5b5eafcb58af06b853d89,c2f9b40dcea11fb68641c83e7bddbb38dff5d03ff0a5b5eafcb58af06b853d89
47,ANIMATION,50,989464,12,24,True,0,319e763f2360937677afa1d00956bb17bb13d095bb335cf237a9f9948ce09eb6,319e763f2360937677afa1d00956bb17bb13d095bb335cf237a9f9948ce09eb6
48,ANIMATION,51,989488,12,6480,True,0,e56b3e3b6343609c0096d89ef5f9e21aecdb61dc0687201232cd6eef0402771b,e56b3e3b6343609c0096d89ef5f9e21aecdb61dc0687201232cd6eef0402771b
49,ANIMATION,52,995968,16,32,True,0,5301eb0ca957fbb2ed4b78273492d9dc75fc932f1361e4e15cc7fd80122058b1,5301eb0ca957fbb2ed4b78273492d9dc75fc932f1361e4e15cc7fd80122058b1
50,ANIMATION,53,996000,12,24,True,0,fda9bdfede33ea2c543fc61498a1a0ff8d477a3999b3adb4af307b0c923c7cc3,fda9bdfede33ea2c543fc61498a1a0ff8d477a3999b3adb4af307b0c923c7cc3
51,ANIMATION,54,996024,12,6480,True,0,8ee2fc60a73fe8bdb2cb92cd9c2c758bf9ce10db227a1bc5515a49a63a58a0ca,8ee2fc60a73fe8bdb2cb92cd9c2c758bf9ce10db227a1bc5515a49a63a58a0ca
52,ANIMATION,55,1002504,16,32,True,0,702931d65b2c8614b3552c8f17aace634d0843a623c58dbed4e6fada32ac067b,702931d65b2c8614b3552c8f17aace634d0843a623c58dbed4e6fada32ac067b
53,ANIMATION,56,1002536,12,24,True,0,1a57ffdb16b669b2d3956440181171fbd867eb480fd221c7d76d590b809810d8,1a57ffdb16b669b2d3956440181171fbd867eb480fd221c7d76d590b809810d8
54,ANIMATION,57,1002560,12,6480,True,0,707edb838ffc0badc806769c4922042fd6e4404d7382d67c82bb492ce28739e2,707edb838ffc0badc806769c4922042fd6e4404d7382d67c82bb492ce28739e2
55,ANIMATION,58,1009040,16,8640,True,0,b0cf4f8410eeefa6d840adb5e5f8783ede2188b966820fab208cb78807097277,b0cf4f8410eeefa6d840adb5e5f8783ede2188b966820fab208cb78807097277
56,ANIMATION,59,1017680,12,24,True,0,bebeac2f23e11ca15acc292880606aaad79b1def0a4109e94e49e2595d64c317,bebeac2f23e11ca15acc292880606aaad79b1def0a4109e94e49e2595d64c317
57,ANIMATION,60,1017704,12,6480,True,0,90859f716082f9a373cfb84a3080a3ee7b9472d3b98753d2b3b0ffa9dfa49ea2,90859f716082f9a373cfb84a3080a3ee7b9472d3b98753d2b3b0ffa9dfa49ea2
58,ANIMATION,61,1024184,16,32,True,0,78d0ff57676e596f85067eb6bfb6a9d4cb6f1dc4704405c9248e9563f6d05326,78d0ff57676e596f85067eb6bfb6a9d4cb6f1dc4704405c9248e9563f6d05326
59,ANIMATION,62,1024216,12,24,True,0,b92d4afc608887fc6fa56d8fac416980d6de42bbcab9750dfeb346b8245b97fa,b92d4afc608887fc6fa56d8fac416980d6de42bbcab9750dfeb346b8245b97fa
60,ANIMATION,63,1024240,12,6480,True,0,102bf453119465f8f96690b7b89d1716f8c6b0289f30c49186e88fb9cad9c7c5,102bf453119465f8f96690b7b89d1716f8c6b0289f30c49186e88fb9cad9c7c5
61,ANIMATION,64,1030720,16,32,True,0,54391450b0bf744ed3feb50e795a1c45a9cffb44312622c1eed1b0651e8d1281,54391450b0bf744ed3feb50e795a1c45a9cffb44312622c1eed1b0651e8d1281
62,ANIMATION,65,1030752,12,24,True,0,088a8fd7e50eef2d06911f103c28077193ce44d6921fc05c266f6c09d3aea2b9,088a8fd7e50eef2d06911f103c28077193ce44d6921fc05c266f6c09d3aea2b9
63,ANIMATION,66,1030776,12,6480,True,0,f1b12d95fcbb76f604306bfdfa7fbe97bc6f2cf51c5a31d6116dca3372447403,f1b12d95fcbb76f604306bfdfa7fbe97bc6f2cf51c5a31d6116dca3372447403
64,ANIMATION,67,1037256,16,8640,True,0,3101f4fdd3366bca84a76ae4d25c9570674097c4ee4ce7a296e4ce87cdc261e7,3101f4fdd3366bca84a76ae4d25c9570674097c4ee4ce7a296e4ce87cdc261e7
65,ANIMATION,68,1045896,12,24,True,0,16846c20e3dd02c4a6d69cde977fae535dcd19985e46f745a21fde79045ef720,16846c20e3dd02c4a6d69cde977fae535dcd19985e46f745a21fde79045ef720
66,ANIMATION,69,1045920,12,6480,True,0,0b8ef624a2c0985115f9dc139b0910dd48752449840552cbf6644ab62c32c4bd,0b8ef624a2c0985115f9dc139b0910dd48752449840552cbf6644ab62c32c4bd
67,ANIMATION,70,1052400,16,8640,True,0,44a6a79ce3287a8c8ed75e4e7b17d41cf90c0263b7d78f83daabd703c914eb20,44a6a79ce3287a8c8ed75e4e7b17d41cf90c0263b7d78f83daabd703c914eb20
68,ANIMATION,71,1061040,12,24,True,0,7febde38a1a2445807cea86455acde4f774b02609cd461fc1b1cb9c67fcbeaea,7febde38a1a2445807cea86455acde4f774b02609cd461fc1b1cb9c67fcbeaea
69,ANIMATION,72,1061064,12,6480,True,0,10512872fb7eeb99f8df3985dda4b2ef8d3a4d8b3f64be4319cd835db485869f,10512872fb7eeb99f8df3985dda4b2ef8d3a4d8b3f64be4319cd835db485869f
70,ANIMATION,73,1067544,16,8640,True,0,7cd6b886d6059900138c8d0038853b84c02f194905629f94bc98e8f22296a72c,7cd6b886d6059900138c8d0038853b84c02f194905629f94bc98e8f22296a72c
71,ANIMATION,74,1076184,12,24,True,0,41f9efa512cceb17f20655fb427d3c5d2ed1e1eda62e31ea460dbc842d63a373,41f9efa512cceb17f20655fb427d3c5d2ed1e1eda62e31ea460dbc842d63a373
72,ANIMATION,75,1076208,12,6480,True,0,933aba15935e704cc851177b255ba85ee0c4ed2a63acb25c4196b14eb317d7fb,933aba15935e704cc851177b255ba85ee0c4ed2a63acb25c4196b14eb317d7fb
73,ANIMATION,76,1082688,16,8640,True,0,45dab57157f1aa8bf60e1d94db0d445706883f9993105c23a768956d977d5ff3,45dab57157f1aa8bf60e1d94db0d445706883f9993105c23a768956d977d5ff3
74,ANIMATION,77,1091328,12,24,True,0,6e302151a2032b49dcf1a19839613498303aec65cc71230e81978e76f3f51e94,6e302151a2032b49dcf1a19839613498303aec65cc71230e81978e76f3f51e94
75,ANIMATION,78,1091352,12,6480,True,0,dee5e74848d405deda9e3cf309dce30bf35d588fc7077cb0dc61ef5fa33dd95b,dee5e74848d405deda9e3cf309dce30bf35d588fc7077cb0dc61ef5fa33dd95b
76,ANIMATION,79,1097832,16,8640,True,0,236c94507abb32d83710a2d8d63a647ff47d07254ac912f06a5a2d916ee3d3b7,236c94507abb32d83710a2d8d63a647ff47d07254ac912f06a5a2d916ee3d3b7
77,ANIMATION,80,1106472,12,24,True,0,d306d20e4f9b343cb97f8f0c371c8f45afab4af35aaa1403630a078291b04619,d306d20e4f9b343cb97f8f0c371c8f45afab4af35aaa1403630a078291b04619
78,ANIMATION,81,1106496,12,6480,True,0,9965d8c10d42deb0f0320cb993134aec8bfbfc9f5ec20364eef91e39b2c6d9e1,9965d8c10d42deb0f0320cb993134aec8bfbfc9f5ec20364eef91e39b2c6d9e1
79,ANIMATION,82,1112976,16,8640,True,0,eac268d0609c768a487880edff469a0361adfa18d7397c3a1947f7133757a820,eac268d0609c768a487880edff469a0361adfa18d7397c3a1947f7133757a820
80,ANIMATION,83,1121616,12,24,True,0,ce31d1e8a7c2972360780b6d3aae8f288bc71ee3456f9369ea3fa502237d83dd,ce31d1e8a7c2972360780b6d3aae8f288bc71ee3456f9369ea3fa502237d83dd
81,ANIMATION,84,1121640,12,6480,True,0,e850a410c66630c6e7d3069772f49d04ff3f0958389757dfc34ba38c3fdeda21,e850a410c66630c6e7d3069772f49d04ff3f0958389757dfc34ba38c3fdeda21
82,ANIMATION,85,1128120,16,8640,True,0,0a753169f8868478e3f64f931200bdb6c1b9caaf9b0f907d973ca41a333f0eab,0a753169f8868478e3f64f931200bdb6c1b9caaf9b0f907d973ca41a333f0eab
83,ANIMATION,86,1136760,12,24,True,0,2b5559d6a59cb7eb69ec8c3dc2044ab344276b43d26f50faf1db514d247c8bdd,2b5559d6a59cb7eb69ec8c3dc2044ab344276b43d26f50faf1db514d247c8bdd
84,ANIMATION,87,1136784,12,6480,True,0,8d0246fef78e8714d721ff095d9dffd7b3c9859e5dd7dc613a90f24c1261fa77,8d0246fef78e8714d721ff095d9dffd7b3c9859e5dd7dc613a90f24c1261fa77
85,ANIMATION,88,1143264,16,8640,True,0,96c77e23325dc82a3743f3914695d54d8a71204c9fd1e1b3d0ddc2429fc2e308,96c77e23325dc82a3743f3914695d54d8a71204c9fd1e1b3d0ddc2429fc2e308
86,ANIMATION,89,1151904,12,24,True,0,caa224f807019b0c8246585a0aa237cbe9fb481d1751d5da81885fd438a87309,caa224f807019b0c8246585a0aa237cbe9fb481d1751d5da81885fd438a87309
87,ANIMATION,90,1151928,12,6480,True,0,468e5b3990cf4e2229f096a94f33a704c5189faf37d193628dc5a4ba424592f6,468e5b3990cf4e2229f096a94f33a704c5189faf37d193628dc5a4ba424592f6
88,ANIMATION,91,1158408,16,8640,True,0,8cd897584592436ff65afe2eee48f5bd833270d7c513b2dae1e594edbd43828b,8cd897584592436ff65afe2eee48f5bd833270d7c513b2dae1e594edbd43828b
89,ANIMATION,92,1167048,12,24,True,0,01201ca2f45c905b672ce9f1a0e6ec1f0b90c4099f389a9dd42b0ff06c97ff19,01201ca2f45c905b672ce9f1a0e6ec1f0b90c4099f389a9dd42b0ff06c97ff19
90,ANIMATION,93,1167072,12,6480,True,0,d8be20a7229e643db727c8f2d013673d631b9dfebbaf82410feb427677b3de70,d8be20a7229e643db727c8f2d013673d631b9dfebbaf82410feb427677b3de70
91,ANIMATION,94,1173552,16,8640,True,0,894865e13605f1cda4e2f40c6522545c65ecf0a9d90d21867f22a5526cf94ac1,894865e13605f1cda4e2f40c6522545c65ecf0a9d90d21867f22a5526cf94ac1
92,ANIMATION,95,1182192,12,24,True,0,0075a78f3d24282b01448e123af18310e1c696b579cdff1ca5bd7342929a80fc,0075a78f3d24282b01448e123af18310e1c696b579cdff1ca5bd7342929a80fc
93,ANIMATION,96,1182216,12,6480,True,0,4c7805fedd5a6e8e327f68e25c170f7c4e2e96b70f96d2ccc2588564b9eda97d,4c7805fedd5a6e8e327f68e25c170f7c4e2e96b70f96d2ccc2588564b9eda97d
94,ANIMATION,97,1188696,16,8640,True,0,2a28bd882981418b13aa19e976efa1fecca20642791581643b292b05e9c16f47,2a28bd882981418b13aa19e976efa1fecca20642791581643b292b05e9c16f47
95,ANIMATION,98,1197336,12,24,True,0,fd7a9ddfa6062b1a034ffe3fda4b78d3d72af83124f808903cbbbb14e72def34,fd7a9ddfa6062b1a034ffe3fda4b78d3d72af83124f808903cbbbb14e72def34
96,ANIMATION,99,1197360,12,6480,True,0,8b3996e28bdd1f3d349f232a1f569af19f87cb6cf3942098ebeef80fd66f0766,8b3996e28bdd1f3d349f232a1f569af19f87cb6cf3942098ebeef80fd66f0766
97,ANIMATION,100,1203840,16,8640,True,0,0ffda279d296e52b6c2c1ebb5c1519c35c6b9c3cc7929fd494874b3e87bb5423,0ffda279d296e52b6c2c1ebb5c1519c35c6b9c3cc7929fd494874b3e87bb5423
98,ANIMATION,101,1212480,12,24,True,0,bc5d650a148fdf0bb8413248841a8a6715adda23fb5c4b34ee629b8072227a67,bc5d650a148fdf0bb8413248841a8a6715adda23fb5c4b34ee629b8072227a67
99,ANIMATION,102,1212504,12,6480,True,0,41786bffb4c681da6cafbd4d3b73442e5586691a50e3f28889a3ac1c98176343,41786bffb4c681da6cafbd4d3b73442e5586691a50e3f28889a3ac1c98176343
100,ANIMATION,103,1218984,16,8640,True,0,49c6017b427186569ce854cae2ebbbb791735e2c3e77ba5329c2573ee6027a0c,49c6017b427186569ce854cae2ebbbb791735e2c3e77ba5329c2573ee6027a0c
101,ANIMATION,104,1227624,12,24,True,0,50046ddb5bb4b6c1707b44cd34901d9d50a71436994930b922dca6f873a5f6cd,50046ddb5bb4b6c1707b44cd34901d9d50a71436994930b922dca6f873a5f6cd
102,ANIMATION,105,1227648,12,6480,True,0,a38db27d80161645010ebcfd6e2a924aeaa17cf67f0fb958d1b87358415b87d8,a38db27d80161645010ebcfd6e2a924aeaa17cf67f0fb958d1b87358415b87d8
103,ANIMATION,106,1234128,16,8640,True,0,8f2590ee5c3c3281f07a01560ff83c3d55bfd8c26ac7f68ba16955b9f41eed6d,8f2590ee5c3c3281f07a01560ff83c3d55bfd8c26ac7f68ba16955b9f41eed6d
104,ANIMATION,107,1242768,12,24,True,0,c05f7e2d20a93828c008602008fa6ca2cebd5184a954152d638093f4e5bd9f0e,c05f7e2d20a93828c008602008fa6ca2cebd5184a954152d638093f4e5bd9f0e
105,ANIMATION,108,1242792,12,6480,True,0,850357c3862564efed88e6baa7ffc95d3c2b6c99359f90eaa464f72961f6f86c,850357c3862564efed88e6baa7ffc95d3c2b6c99359f90eaa464f72961f6f86c
106,ANIMATION,109,1249272,16,8640,True,0,253aea6f1ef3f4a55322bbaa0433d751336b0324780176b7513e249ec97c3b48,253aea6f1ef3f4a55322bbaa0433d751336b0324780176b7513e249ec97c3b48
107,ANIMATION,110,1257912,12,24,True,0,9a8708af1df7e5b31867513fecdb36136b6d290b4f372d1bcd59d0a91fbd3728,9a8708af1df7e5b31867513fecdb36136b6d290b4f372d1bcd59d0a91fbd3728
108,ANIMATION,111,1257936,12,6480,True,0,a7865cc05a18bcbde345610a8529c2a68cb89f65d586e2d7ae7fd50bc943eb20,a7865cc05a18bcbde345610a8529c2a68cb89f65d586e2d7ae7fd50bc943eb20
109,ANIMATION,112,1264416,16,8640,True,0,02d5b9d3b672545b65dac568a88240419f5a0b50de0c6bc12ecf49db074da8ba,02d5b9d3b672545b65dac568a88240419f5a0b50de0c6bc12ecf49db074da8ba
110,ANIMATION,113,1273056,12,24,True,0,7e79d008622f12d2c0099ad7c9f445c39e9381f145a63791f64b6696f8b3c2e5,7e79d008622f12d2c0099ad7c9f445c39e9381f145a63791f64b6696f8b3c2e5
111,ANIMATION,114,1273080,12,6480,True,0,4235c644014280074167f995021d051c62511117006cc297a1ae049f1eba26a2,4235c644014280074167f995021d051c62511117006cc297a1ae049f1eba26a2
112,ANIMATION,115,1279560,16,8640,True,0,7d89031c3c42a6c071fcd7bd3da11e71736577e4017d739a445f9f4e484f0b6a,7d89031c3c42a6c071fcd7bd3da11e71736577e4017d739a445f9f4e484f0b6a
113,ANIMATION,116,1288200,12,24,True,0,2d89250ae5eb89126079dde5c40a4b8237104dedd74f9056bf9daa2ca23dff5e,2d89250ae5eb89126079dde5c40a4b8237104dedd74f9056bf9daa2ca23dff5e
114,ANIMATION,117,1288224,12,6480,True,0,adbca086eb311883fc6c2178b5c6eef1e3b9edab7c548d15b9ad3ac1ae45fa45,adbca086eb311883fc6c2178b5c6eef1e3b9edab7c548d15b9ad3ac1ae45fa45
115,ANIMATION,118,1294704,16,8640,True,0,f5bf105e28447c6f31546aa56768bd5562fa42cbd283449bf3953e2b16cecc0b,f5bf105e28447c6f31546aa56768bd5562fa42cbd283449bf3953e2b16cecc0b
116,ANIMATION,119,1303344,12,24,True,0,524635a3989ddd1c4d9e8d3feebec832e4850d17d512841ba5fb4fed94554651,524635a3989ddd1c4d9e8d3feebec832e4850d17d512841ba5fb4fed94554651
117,ANIMATION,120,1303368,12,6480,True,0,c772089c119aafc7e629e9b4a080933cbc37d32f236f62a5b815b43e608b57f7,c772089c119aafc7e629e9b4a080933cbc37d32f236f62a5b815b43e608b57f7
118,ANIMATION,121,1309848,16,8640,True,0,2baf0c7713c0edd55e35ff2a6ac1e483eea9c530c930aa040a9adf4d3e53ad32,2baf0c7713c0edd55e35ff2a6ac1e483eea9c530c930aa040a9adf4d3e53ad32
119,ANIMATION,122,1318488,12,24,True,0,49032e4168adcfb877b559c67a9beeca0584cf0eec8769ecaa915de7347fc0e3,49032e4168adcfb877b559c67a9beeca0584cf0eec8769ecaa915de7347fc0e3
120,ANIMATION,123,1318512,12,6480,True,0,02b1b2c76096e0773e29cc8ea176be4b281ade1ccd97c59a8f7467d5fb2beb81,02b1b2c76096e0773e29cc8ea176be4b281ade1ccd97c59a8f7467d5fb2beb81
121,ANIMATION,124,1324992,16,8640,True,0,aa1e3ea6312c3dbb106a57f6e5afd6663da3c216813d00c3b6b7291ca5439e4e,aa1e3ea6312c3dbb106a57f6e5afd6663da3c216813d00c3b6b7291ca5439e4e
122,ANIMATION,125,1333632,12,24,True,0,17f827ac51f6f18aed07930eca5386ff50d044eafacfd4b332be28b6bbea3494,17f827ac51f6f18aed07930eca5386ff50d044eafacfd4b332be28b6bbea3494
123,ANIMATION,126,1333656,12,6480,True,0,36c4e9800e4dc7a1741235b898a0ef0e17b3ce30edd31da12f6574d2cdc9bd64,36c4e9800e4dc7a1741235b898a0ef0e17b3ce30edd31da12f6574d2cdc9bd64
124,ANIMATION,127,1340136,16,8640,True,0,b08e2254c7d4a342217342541faad8ed3629a73fb2f7e6c1203d1d819abe83e6,b08e2254c7d4a342217342541faad8ed3629a73fb2f7e6c1203d1d819abe83e6
125,ANIMATION,128,1348776,12,24,True,0,d8bfe7c51ca37bbdf14b9ad7ea0912b35bc56626f860935b8d2605365d4171ed,d8bfe7c51ca37bbdf14b9ad7ea0912b35bc56626f860935b8d2605365d4171ed
126,ANIMATION,129,1348800,12,6480,True,0,970bd4086c21eb8bafc1762f78e2156d7ff6c7271e6257d25696726e3d4deef4,970bd4086c21eb8bafc1762f78e2156d7ff6c7271e6257d25696726e3d4deef4
127,ANIMATION,130,1355280,16,8640,True,0,62d3a40a8e09001304a7c9b550b3c8cd9ee48830a8c923e675370373cf896657,62d3a40a8e09001304a7c9b550b3c8cd9ee48830a8c923e675370373cf896657
128,ANIMATION,131,1363920,12,24,True,0,39d6785404f32847cc0b48cda8d74b031f9816337bdf32c317f3f99b2589d7df,39d6785404f32847cc0b48cda8d74b031f9816337bdf32c317f3f99b2589d7df
129,ANIMATION,132,1363944,12,6480,True,0,9a314bc43ba90d668c53951b129423d9c013fe74fa11539b004cfc3bcf0fd31e,9a314bc43ba90d668c53951b129423d9c013fe74fa11539b004cfc3bcf0fd31e
130,ANIMATION,133,1370424,16,8640,True,0,b005e4dd4a4d338181583cdcce51366b2ac63514aa56c7088830329d57f6437a,b005e4dd4a4d338181583cdcce51366b2ac63514aa56c7088830329d57f6437a
131,ANIMATION,134,1379064,12,24,True,0,2346ff4c9dde3369f39e7c2ea0195be8892f1212e05d296c502861974a55734f,2346ff4c9dde3369f39e7c2ea0195be8892f1212e05d296c502861974a55734f
132,ANIMATION,135,1379088,12,6480,True,0,2fafc121a4a8e322f856012a4d00c1f0e5db204654178907c571784f6e4938a2,2fafc121a4a8e322f856012a4d00c1f0e5db204654178907c571784f6e4938a2
133,ANIMATION,136,1385568,16,8640,True,0,87f38a174fd088d71034af0a22d25ca827661c4916353020d39337f8a3c28bef,87f38a174fd088d71034af0a22d25ca827661c4916353020d39337f8a3c28bef
134,ANIMATION,137,1394208,12,24,True,0,fb5a0c0f8c539e3b537a047de33033dbe8551156d9aad2783b332b7314a5acf7,fb5a0c0f8c539e3b537a047de33033dbe8551156d9aad2783b332b7314a5acf7
135,ANIMATION,138,1394232,12,6480,True,0,31839e39a88a75d3461ff8d4889093ed16c7c5cd42707457588f37b68fdd132a,31839e39a88a75d3461ff8d4889093ed16c7c5cd42707457588f37b68fdd132a
136,ANIMATION,139,1400712,16,8640,True,0,ac26efbb0ded39b12ebcefca563af1439669f4f4b1bd39153b1a8ea2cd18dab7,ac26efbb0ded39b12ebcefca563af1439669f4f4b1bd39153b1a8ea2cd18dab7
137,ANIMATION,140,1409352,12,24,True,0,63817a7d5681d48a97c0df0b93bf9c3db3f3a89409f47c7d952153a699458471,63817a7d5681d48a97c0df0b93bf9c3db3f3a89409f47c7d952153a699458471
138,ANIMATION,141,1409376,12,6480,True,0,7b47c08fe0907bd16bfcd1909af511556072e371e8c3d52a84d014cca3ea51f3,7b47c08fe0907bd16bfcd1909af511556072e371e8c3d52a84d014cca3ea51f3
139,ANIMATION,142,1415856,16,8640,True,0,7b80f144235bad6ff968bec3d6139bcae347ee5d103f112aebe113257c5f6573,7b80f144235bad6ff968bec3d6139bcae347ee5d103f112aebe113257c5f6573
140,ANIMATION,143,1424496,12,24,True,0,4c0bf94bc79f6c11b2e5ceda401c7fbcaf6f2e3bde277bafa4c76cec7e073fc6,4c0bf94bc79f6c11b2e5ceda401c7fbcaf6f2e3bde277bafa4c76cec7e073fc6
141,ANIMATION,144,1424520,12,6480,True,0,79b00ae5cf1fa7f256a0bee5b475c0488f98689ad508efdce6bf63485217d075,79b00ae5cf1fa7f256a0bee5b475c0488f98689ad508efdce6bf63485217d075
142,ANIMATION,145,1431000,16,8640,True,0,54cfeb6b1c6e47cae28283282bb7a5167b8560293b9965267b880e242f8907d8,54cfeb6b1c6e47cae28283282bb7a5167b8560293b9965267b880e242f8907d8
143,ANIMATION,146,1439640,12,24,True,0,520242087884ccf6b99d0fc8a3f66c4b10b557883933488db6e0942fd1dbe263,520242087884ccf6b99d0fc8a3f66c4b10b557883933488db6e0942fd1dbe263
144,ANIMATION,147,1439664,12,6480,True,0,d246356803c80822c0451ed756c3c53385f8373346f77fa25732052a23953f21,d246356803c80822c0451ed756c3c53385f8373346f77fa25732052a23953f21
145,ANIMATION,148,1446144,16,8640,True,0,b0749ed4e3b2375c08e6deaac669cdc0c32961f91dad81d9b462855fa637f1a4,b0749ed4e3b2375c08e6deaac669cdc0c32961f91dad81d9b462855fa637f1a4
146,ANIMATION,149,1454784,12,24,True,0,26b23579f4d31649678ee005b5e15d2c3feb8aa3300a7ad8f190dc7f44904031,26b23579f4d31649678ee005b5e15d2c3feb8aa3300a7ad8f190dc7f44904031
147,ANIMATION,150,1454808,12,24,True,0,e8d065aacb75c94b491e21cc0147367a4acb5ccfc95c16b8303ff8cdc1525abc,e8d065aacb75c94b491e21cc0147367a4acb5ccfc95c16b8303ff8cdc1525abc
148,ANIMATION,151,1454832,16,32,True,0,38345a1323b61ca6a92c80430dffdd8dff2777c2754855c3967955852ce19631,38345a1323b61ca6a92c80430dffdd8dff2777c2754855c3967955852ce19631
149,ANIMATION,152,1454864,12,24,True,0,7ec1c80d6d0aef32634802c2ce06f5375f477c6f7e21ed075869085b577b6b13,7ec1c80d6d0aef32634802c2ce06f5375f477c6f7e21ed075869085b577b6b13
150,ANIMATION,153,1454888,12,6480,True,0,fb68e62ceb5c9bfb604c03299c35cb8be1124466099347f9c6c2afe657850693,fb68e62ceb5c9bfb604c03299c35cb8be1124466099347f9c6c2afe657850693
151,ANIMATION,154,1461368,16,8640,True,0,f2b063de8707ebf935d91edc58148aa70c9462c7e925eace48146c1eb06cd719,f2b063de8707ebf935d91edc58148aa70c9462c7e925eace48146c1eb06cd719
152,ANIMATION,155,1470008,12,24,True,0,0e62a8e9a4196b38e4f2961336b20040ae607eb2ac45eaf34773acf0f4b9ec76,0e62a8e9a4196b38e4f2961336b20040ae607eb2ac45eaf34773acf0f4b9ec76
153,ANIMATION,156,1470032,12,6480,True,0,a62394ee1fa0fcefcb97af0af4dbbef6a8558a7c7fccb6c11497f28017896f46,a62394ee1fa0fcefcb97af0af4dbbef6a8558a7c7fccb6c11497f28017896f46
154,ANIMATION,157,1476512,16,8640,True,0,16598f60282f259f008cb7759a71a7bfb6807d3b41e6f246539cc5bd1c367f24,16598f60282f259f008cb7759a71a7bfb6807d3b41e6f246539cc5bd1c367f24
155,ANIMATION,158,1485152,12,24,True,0,278b4cfe49ba4a0d668ac4b36932f269a8e7c678c0a0a4ec33fbc7f597197b36,278b4cfe49ba4a0d668ac4b36932f269a8e7c678c0a0a4ec33fbc7f597197b36
156,ANIMATION,159,1485176,12,6480,True,0,4a79e17f6a3eb30a0e877f11111e06b5a02fa9a3b4233317f9bb73d5aec4b2a4,4a79e17f6a3eb30a0e877f11111e06b5a02fa9a3b4233317f9bb73d5aec4b2a4
157,ANIMATION,160,1491656,16,8640,True,0,c39efd90840787c0ba1d65551470a43b250cfc7495dbd29e169a163f4dda9ac0,c39efd90840787c0ba1d65551470a43b250cfc7495dbd29e169a163f4dda9ac0
158,ANIMATION,161,1500296,12,24,True,0,24dcf53dfd7bfacd58acb834a806d0456ad6bafeb95f3cca3c0c76b2e588ee18,24dcf53dfd7bfacd58acb834a806d0456ad6bafeb95f3cca3c0c76b2e588ee18
159,ANIMATION,162,1500320,12,6480,True,0,5d1673aade07ef508e970d8dfcc68c27c5990fc9fee30683a7c5376b17201c22,5d1673aade07ef508e970d8dfcc68c27c5990fc9fee30683a7c5376b17201c22
160,ANIMATION,163,1506800,16,8640,True,0,7f520d5daa9bc61df9197c47b7c172574804ab8afe566de7188961141adf4332,7f520d5daa9bc61df9197c47b7c172574804ab8afe566de7188961141adf4332
161,ANIMATION,164,1515440,12,24,True,0,e862c96cfb29aa314242d0c34ef0f1308d6bbed5b325c1ff2640cd6d60b5365c,e862c96cfb29aa314242d0c34ef0f1308d6bbed5b325c1ff2640cd6d60b5365c
162,ANIMATION,165,1515464,12,6480,True,0,8abbbed154134db72836b949994c0d2ff875aa5fac12819b8a8ef3c3d3dbff35,8abbbed154134db72836b949994c0d2ff875aa5fac12819b8a8ef3c3d3dbff35
163,ANIMATION,166,1521944,16,8640,True,0,f4ce9d78e45320cec04483e92b5141ef387b6c098cd37c3fb95ecf412a231a6c,f4ce9d78e45320cec04483e92b5141ef387b6c098cd37c3fb95ecf412a231a6c
164,ANIMATION,167,1530584,12,24,True,0,3d059b0c57dfc727865d05a1268a78c755ddbfab79d0b31829c6035508774b7b,3d059b0c57dfc727865d05a1268a78c755ddbfab79d0b31829c6035508774b7b
165,ANIMATION,168,1530608,12,6480,True,0,95505acee7cfbd9b57449cc58ef5e22d51eeacc76dac47598c5bf0062e8ec010,95505acee7cfbd9b57449cc58ef5e22d51eeacc76dac47598c5bf0062e8ec010
166,ANIMATION,169,1537088,16,8640,True,0,dd79d175aa414ababe0335e7e651f4be5edf376379ea80e09a0bfd565b89a7e2,dd79d175aa414ababe0335e7e651f4be5edf376379ea80e09a0bfd565b89a7e2
167,ANIMATION,170,1545728,12,24,True,0,5043ccbc55938111cf181771231066eb0100c9f0d4bc6d92d98277dc50dc27c1,5043ccbc55938111cf181771231066eb0100c9f0d4bc6d92d98277dc50dc27c1
168,ANIMATION,171,1545752,12,6480,True,0,180de5361719e0237fa00b3f9234a9ca24aba1b1b768bd10943ccf53d36663b5,180de5361719e0237fa00b3f9234a9ca24aba1b1b768bd10943ccf53d36663b5
169,ANIMATION,172,1552232,16,8640,True,0,3a1c2eddad0a17082ef44c925a10432542a31eabab318ec505ab3f9765f200cb,3a1c2eddad0a17082ef44c925a10432542a31eabab318ec505ab3f9765f200cb
170,ANIMATION,173,1560872,12,24,True,0,b5e6977a95300bc8ed2467f1ce940f4332130683428fda046169d64ee5d06fb0,b5e6977a95300bc8ed2467f1ce940f4332130683428fda046169d64ee5d06fb0
171,ANIMATION,174,1560896,12,6480,True,0,688bc15b93ae2b6a13c98d0a89f3a5541a5ba91118091f4e8749177370bd0f75,688bc15b93ae2b6a13c98d0a89f3a5541a5ba91118091f4e8749177370bd0f75
172,ANIMATION,175,1567376,16,8640,True,0,1d6c3134bf6b9030eeaccb5b89da93c506ff92876c9da192afe3655db864181a,1d6c3134bf6b9030eeaccb5b89da93c506ff92876c9da192afe3655db864181a
173,ANIMATION,176,1576016,12,24,True,0,76b5cfaeffcc19a32de7986066b10911082ce53ecaf9ff96f0a76d6a84ac635a,76b5cfaeffcc19a32de7986066b10911082ce53ecaf9ff96f0a76d6a84ac635a
174,ANIMATION,177,1576040,12,6480,True,0,425f7bc7edce2e27d14d658197c880c45f1e8ed68feed73256e712a3d1968bed,425f7bc7edce2e27d14d658197c880c45f1e8ed68feed73256e712a3d1968bed
175,ANIMATION,178,1582520,16,8640,True,0,013ef45511f1ada94e902251a2c44bf30137ed39b7eec12a3c3e964e17ac8bae,013ef45511f1ada94e902251a2c44bf30137ed39b7eec12a3c3e964e17ac8bae
176,ANIMATION,179,1591160,12,24,True,0,4906c772a13623e0911b328fc60d2f381490f5f1444b6466f2f0d494abd2e637,4906c772a13623e0911b328fc60d2f381490f5f1444b6466f2f0d494abd2e637
177,ANIMATION,180,1591184,12,6480,True,0,06d7f43baf5be50e84af922ac93d1c5e62584f063c9e6c675f50c8d7c42d580f,06d7f43baf5be50e84af922ac93d1c5e62584f063c9e6c675f50c8d7c42d580f
178,ANIMATION,181,1597664,16,8640,True,0,0f466bf60f0af45af881deb8ebe9ba79e09eb842dc6bb038c3974e71f577f87d,0f466bf60f0af45af881deb8ebe9ba79e09eb842dc6bb038c3974e71f577f87d
179,ANIMATION,182,1606304,12,24,True,0,ad1e970020e692b6270926c6bb96b7b2ac368ca05659581821efbf7896efccdc,ad1e970020e692b6270926c6bb96b7b2ac368ca05659581821efbf7896efccdc
180,ANIMATION,183,1606328,12,6480,True,0,dd7e65f6e6cf1e21f37d85c168e9ab19a0b0e66a1c85b7d3f19b6521c9eb4972,dd7e65f6e6cf1e21f37d85c168e9ab19a0b0e66a1c85b7d3f19b6521c9eb4972
181,ANIMATION,184,1612808,16,8640,True,0,8aef37b4182731a7ab5e33e4a7d5357ac2c2965167cf3f8520e133f3983401d5,8aef37b4182731a7ab5e33e4a7d5357ac2c2965167cf3f8520e133f3983401d5
182,ANIMATION,185,1621448,12,24,True,0,2d15193c7fb9cb6c1bcb7db3209690b1351ba0246bb461625665d56848475c47,2d15193c7fb9cb6c1bcb7db3209690b1351ba0246bb461625665d56848475c47
183,ANIMATION,186,1621472,12,6480,True,0,401a6fbd1e7c49528eaca61ca7666f2d295df11efc5d74e6795c7f690fddbe75,401a6fbd1e7c49528eaca61ca7666f2d295df11efc5d74e6795c7f690fddbe75
184,ANIMATION,187,1627952,16,8640,True,0,56edbd0166883ab7b45441bc722d3d71de8531a6825aa4c053129bef621847ad,56edbd0166883ab7b45441bc722d3d71de8531a6825aa4c053129bef621847ad
185,ANIMATION,188,1636592,12,24,True,0,1d3368b0f4eb5d5cacd4b58e083b3c6d15ddda6b25069ddcb27041252d7e183e,1d3368b0f4eb5d5cacd4b58e083b3c6d15ddda6b25069ddcb27041252d7e183e
186,ANIMATION,189,1636616,12,6480,True,0,e0bf70037f7b9d005c8d10a687925c53d2310be92e571716ea397122646a6f32,e0bf70037f7b9d005c8d10a687925c53d2310be92e571716ea397122646a6f32
187,ANIMATION,190,1643096,16,8640,True,0,cf73db147144094188086dbfc52024209ff3231198607431eedad0d1a017c78b,cf73db147144094188086dbfc52024209ff3231198607431eedad0d1a017c78b
188,ANIMATION,191,1651736,12,24,True,0,480c3e03c2541ffcac2dd144af2ad9c09234bf2493f621fc120e38fad4c0c426,480c3e03c2541ffcac2dd144af2ad9c09234bf2493f621fc120e38fad4c0c426
189,ANIMATION,192,1651760,12,6480,True,0,b21e4cdaeaf5a5ab1152cc3c255da838652bd9cf3d7f0a0b5163c83effabc44c,b21e4cdaeaf5a5ab1152cc3c255da838652bd9cf3d7f0a0b5163c83effabc44c
190,ANIMATION,193,1658240,16,8640,True,0,b9ee173066cfb15bf2240c2a8f9b83b006c24fd31d1217aaaaeddb711981d2d0,b9ee173066cfb15bf2240c2a8f9b83b006c24fd31d1217aaaaeddb711981d2d0
191,ANIMATION,194,1666880,12,24,True,0,82e9e83e5cd2f9ef5e16db6b9abf6a50db6195270497f78089fbe3fcb0dfa3ae,82e9e83e5cd2f9ef5e16db6b9abf6a50db6195270497f78089fbe3fcb0dfa3ae
192,ANIMATION,195,1666904,12,6480,True,0,f52e0419177c2ade417504ca8887a25c824e3c9abd7c07df70fda007919c7879,f52e0419177c2ade417504ca8887a25c824e3c9abd7c07df70fda007919c7879
193,ANIMATION,196,1673384,16,8640,True,0,c5bf3487a6ee75ccd6c26b298201582682012980e8ab913b9ff366af87c2d766,c5bf3487a6ee75ccd6c26b298201582682012980e8ab913b9ff366af87c2d766
194,ANIMATION,197,1682024,12,24,True,0,8d9b5f383faa4ad54d262da47d7bd4be4d40f1b7661d6316766361879a8f7400,8d9b5f383faa4ad54d262da47d7bd4be4d40f1b7661d6316766361879a8f7400
195,ANIMATION,198,1682048,12,24,True,0,38ad64c3cde8991b9d693ff9ec43fdee34dff70d59c28d632d4a323349eb0f2b,38ad64c3cde8991b9d693ff9ec43fdee34dff70d59c28d632d4a323349eb0f2b
196,ANIMATION,199,1682072,16,8640,True,0,5a7ae26679548be491e45295921f52ef72c1127d497f48004b283f5946fe0858,5a7ae26679548be491e45295921f52ef72c1127d497f48004b283f5946fe0858
197,ANIMATION,200,1690712,12,24,True,0,0e613a2d21ee7a8d86eec6fd8b6bc0f583510125c695ff2c3079e636ceba78c8,0e613a2d21ee7a8d86eec6fd8b6bc0f583510125c695ff2c3079e636ceba78c8
198,ANIMATION,201,1690736,12,6480,True,0,f0afa57bc5247b43f28325ec75b8bdf798d2690bffae232a414d169921cd9859,f0afa57bc5247b43f28325ec75b8bdf798d2690bffae232a414d169921cd9859
199,ANIMATION,202,1697216,16,8640,True,0,43c577b48ef9843495475cf5e6f1ea83854932381801ae4c9f27632fffa50045,43c577b48ef9843495475cf5e6f1ea83854932381801ae4c9f27632fffa50045
200,ANIMATION,203,1705856,12,24,True,0,76ea2e27aa78b68bc1d3d0786311c2b7543934bfccc0c531fd87d36e8384965f,76ea2e27aa78b68bc1d3d0786311c2b7543934bfccc0c531fd87d36e8384965f
201,ANIMATION,204,1705880,12,6480,True,0,626f524fe993c6963bba13b33c0877472172868eb258ef9b636484f1925f7207,626f524fe993c6963bba13b33c0877472172868eb258ef9b636484f1925f7207
202,ANIMATION,205,1712360,16,8640,True,0,d308ba4c36e3d071ffc193713b7589dc875d0973c3bf92c013e59c0361b52442,d308ba4c36e3d071ffc193713b7589dc875d0973c3bf92c013e59c0361b52442
203,ANIMATION,206,1721000,12,24,True,0,068d8af606f13e7040d5e4d79a4845d751f00138ad5b684d07b4552974e21512,068d8af606f13e7040d5e4d79a4845d751f00138ad5b684d07b4552974e21512
204,ANIMATION,207,1721024,12,6480,True,0,597345cea793f6a2ce8407e1a23d3c3fe2678cf599c544f1d7a0153f74dc2834,597345cea793f6a2ce8407e1a23d3c3fe2678cf599c544f1d7a0153f74dc2834
205,ANIMATION,208,1727504,16,8640,True,0,118f63f1f66b8035277a28bff31910de4b17c79c449bae80ee0320b8ac57f7ac,118f63f1f66b8035277a28bff31910de4b17c79c449bae80ee0320b8ac57f7ac
206,ANIMATION,209,1736144,12,24,True,0,4ea3e40803a2bdf0de2ddfbc3ad16c01e65d2675f7a15c9299491200cbc632b4,4ea3e40803a2bdf0de2ddfbc3ad16c01e65d2675f7a15c9299491200cbc632b4
207,ANIMATION,210,1736168,12,6480,True,0,b7a2a94738e78a9b226fe6952234df1a31b42fa23f16e49a53a299d2dba72027,b7a2a94738e78a9b226fe6952234df1a31b42fa23f16e49a53a299d2dba72027
208,ANIMATION,211,1742648,16,8640,True,0,66a91f2c3195f3fb68a4ff4404af2d4ca93ce55857faddfdbc6b9281fa3324a6,66a91f2c3195f3fb68a4ff4404af2d4ca93ce55857faddfdbc6b9281fa3324a6
209,ANIMATION,212,1751288,12,24,True,0,3b8061900a6f1558e5ef2bbffe1507863750a9ed5feb611452ecdddc9b872b2e,3b8061900a6f1558e5ef2bbffe1507863750a9ed5feb611452ecdddc9b872b2e
210,ANIMATION,213,1751312,12,24,True,0,d57ac892f24ece7ab1e5f2956c6a18050706960e23a7a9db120c36567b959f05,d57ac892f24ece7ab1e5f2956c6a18050706960e23a7a9db120c36567b959f05
211,ANIMATION,214,1751336,16,8640,True,0,351c93d685ba61a4e5b7e1b21fd6be16da1c241d1d022705d1edbfa2fb4c2797,351c93d685ba61a4e5b7e1b21fd6be16da1c241d1d022705d1edbfa2fb4c2797
212,ANIMATION,215,1759976,12,24,True,0,fc1b6d8a14a4c6297ff3bce9d20440f47e0384aa3b332ed4e65f5b2e927f796e,fc1b6d8a14a4c6297ff3bce9d20440f47e0384aa3b332ed4e65f5b2e927f796e
213,ANIMATION,216,1760000,12,24,True,0,12b08c29609e9ef94dc127daacd5124b5af426d17a3c040a2fe1be031f29959d,12b08c29609e9ef94dc127daacd5124b5af426d17a3c040a2fe1be031f29959d
214,ANIMATION,217,1760024,16,8640,True,0,4d2862e80e373e5530aa94d1bdad5b84c9511e5abd3fe67c85c3efb25aa121a4,4d2862e80e373e5530aa94d1bdad5b84c9511e5abd3fe67c85c3efb25aa121a4
215,ANIMATION,218,1768664,12,24,True,0,bc0320a929f7dc69e67aa4cc004507ed6fd1e7b1458c20369f32106a6c6118ac,bc0320a929f7dc69e67aa4cc004507ed6fd1e7b1458c20369f32106a6c6118ac
216,ANIMATION,219,1768688,12,24,True,0,93aad815ceba00ba9df2ec9fc2fb49651d461b83f85a25239f0dbff0cad246d1,93aad815ceba00ba9df2ec9fc2fb49651d461b83f85a25239f0dbff0cad246d1
217,ANIMATION,220,1768712,16,8640,True,0,80a4083c2fc0a8940b97370cf52ee2d7dd4acaa3c275c2ec6e614d3926b4f9f7,80a4083c2fc0a8940b97370cf52ee2d7dd4acaa3c275c2ec6e614d3926b4f9f7
218,ANIMATION,221,1777352,12,24,True,0,24c463f55d6d41ff8c44762a5d8edef3802e509dc537a0ad9c4465d7fad73ed8,24c463f55d6d41ff8c44762a5d8edef3802e509dc537a0ad9c4465d7fad73ed8
219,ANIMATION,222,1777376,12,24,True,0,7fa5f6cfcb383e715a3fdc877bae6b24892771b6154794e2aa4381f42becd4fb,7fa5f6cfcb383e715a3fdc877bae6b24892771b6154794e2aa4381f42becd4fb
220,ANIMATION,223,1777400,16,8640,True,0,6d7607f45c24b4a1443fee555e3fd5dce1c3e8444a33d5f0f3e6dcd988ca97ce,6d7607f45c24b4a1443fee555e3fd5dce1c3e8444a33d5f0f3e6dcd988ca97ce
221,ANIMATION,224,1786040,12,24,True,0,513f5c27f06bfdcbcd1000c5f89ebf6f1d9e5cb3fa2ea6aec05670cb4922548c,513f5c27f06bfdcbcd1000c5f89ebf6f1d9e5cb3fa2ea6aec05670cb4922548c
222,ANIMATION,225,1786064,12,6480,True,0,74ba57f932859fb767e2f8a32f0105ebf7e711625f785e4c09bfca4a85f984b7,74ba57f932859fb767e2f8a32f0105ebf7e711625f785e4c09bfca4a85f984b7
223,ANIMATION,226,1792544,16,8640,True,0,4080b013a4cc5528104cbc9174a691b5dd6e2e58a63c76d01e8cffd9b180c0b7,4080b013a4cc5528104cbc9174a691b5dd6e2e58a63c76d01e8cffd9b180c0b7
224,ANIMATION,227,1801184,12,24,True,0,beb7066fc2213862d4c0c3f14a738c393b521a19d083c99e320868626001a200,beb7066fc2213862d4c0c3f14a738c393b521a19d083c99e320868626001a200
225,ANIMATION,228,1801208,12,6480,True,0,57711698ebe35e022ea323e45ac789eed1fd2f4134fe9318528c6867c21cd538,57711698ebe35e022ea323e45ac789eed1fd2f4134fe9318528c6867c21cd538
226,ANIMATION,229,1807688,16,8640,True,0,7b99596c0a43394d2800bd922a6ad5bc738a4181e619244ef468ba544035afe1,7b99596c0a43394d2800bd922a6ad5bc738a4181e619244ef468ba544035afe1
227,ANIMATION,230,1816328,12,24,True,0,c5dbfa5a46113190a9655f97adebc5584bf23d401983d12d9fa7a613104d11a8,c5dbfa5a46113190a9655f97adebc5584bf23d401983d12d9fa7a613104d11a8
228,ANIMATION,231,1816352,12,6480,True,0,2e7227137f6983eca308e6ef0483733ae427868304884db22b0e3c318a0bbe8e,2e7227137f6983eca308e6ef0483733ae427868304884db22b0e3c318a0bbe8e
229,ANIMATION,232,1822832,16,8640,True,0,1f760229f6d8b230527ade4fd3741cf041916928b67126efdc6e4978b3e0661c,1f760229f6d8b230527ade4fd3741cf041916928b67126efdc6e4978b3e0661c
230,ANIMATION,233,1831472,12,24,True,0,e517e321dc63ce287443055c47da2d9d324c81c8f2e4c9eba197cd02f40576b9,e517e321dc63ce287443055c47da2d9d324c81c8f2e4c9eba197cd02f40576b9
231,ANIMATION,234,1831496,12,6480,True,0,a4851b72ab9b1754c21327974ca45c5fe92acf4841e1b59239fd718ac931c136,a4851b72ab9b1754c21327974ca45c5fe92acf4841e1b59239fd718ac931c136
232,ANIMATION,235,1837976,16,8640,True,0,91f079585515f338bbada5829bbc95d76d6e5b9e1e79046996452f4b427c8c89,91f079585515f338bbada5829bbc95d76d6e5b9e1e79046996452f4b427c8c89
233,ANIMATION,236,1846616,12,24,True,0,480f37472121898b93fd09f7d9014a13501e80a1fe8f2f25643edf8c8b27b129,480f37472121898b93fd09f7d9014a13501e80a1fe8f2f25643edf8c8b27b129
234,ANIMATION,237,1846640,12,24,True,0,e7d51b618a33af335b134a82f2f313ae8e757c9ebaab18162dc429172b7aa5a4,e7d51b618a33af335b134a82f2f313ae8e757c9ebaab18162dc429172b7aa5a4
235,ANIMATION,238,1846664,16,8640,True,0,37f68e885363a6d9dd5ffafb88c479d1e15b3d91ce7432d14f1eedc0729d348d,37f68e885363a6d9dd5ffafb88c479d1e15b3d91ce7432d14f1eedc0729d348d
236,ANIMATION,239,1855304,12,24,True,0,e4e764fff9fc197f0e379db6e5b38f939e5ce481df1421503d7e3ee5fb2210c6,e4e764fff9fc197f0e379db6e5b38f939e5ce481df1421503d7e3ee5fb2210c6
237,ANIMATION,240,1855328,12,6480,True,0,d3b38c9d36d455b048f3fb71396739d55d85f2edf41e8c977813805042d3470d,d3b38c9d36d455b048f3fb71396739d55d85f2edf41e8c977813805042d3470d
238,ANIMATION,241,1861808,16,8640,True,0,636b0c9c94afdcd0fa353dfde5b4a6b94420df778400f98089b1bda94fc61551,636b0c9c94afdcd0fa353dfde5b4a6b94420df778400f98089b1bda94fc61551
239,ANIMATION,242,1870448,12,24,True,0,40594b4f4e4daaf2727902ffe0efa50a9886124f299a455c2a53a41a4c55d15d,40594b4f4e4daaf2727902ffe0efa50a9886124f299a455c2a53a41a4c55d15d
240,ANIMATION,243,1870472,12,6480,True,0,58d08fd9c341ad069a37d1aa1bdd4184e7fe3cc8aba2cb70672e02ff57993485,58d08fd9c341ad069a37d1aa1bdd4184e7fe3cc8aba2cb70672e02ff57993485
241,ANIMATION,244,1876952,16,8640,True,0,b8428d3df6f276e3ea2abb7f8548499f02575bad26159997bc5ccbe70f0a72e7,b8428d3df6f276e3ea2abb7f8548499f02575bad26159997bc5ccbe70f0a72e7
242,ANIMATION,245,1885592,12,24,True,0,41ce2a8ceae799e165c156ae1e61a6428732531c5d0eff4a48de5fa719b8004b,41ce2a8ceae799e165c156ae1e61a6428732531c5d0eff4a48de5fa719b8004b
243,ANIMATION,246,1885616,12,6480,True,0,e266d75c3924eb58b17aeaa8d803a82dc1a088aec85a5627c402d230408b8bc2,e266d75c3924eb58b17aeaa8d803a82dc1a088aec85a5627c402d230408b8bc2
244,ANIMATION,247,1892096,16,8640,True,0,7efa3081541df100b8eae2ba9bc44d09899db4d4e4c218d12b2cb965f76ffed9,7efa3081541df100b8eae2ba9bc44d09899db4d4e4c218d12b2cb965f76ffed9
245,ANIMATION,248,1900736,12,24,True,0,61fc3b145b69bd19de3b9a9b00055487360119caed0c0a7da6a469f518c012be,61fc3b145b69bd19de3b9a9b00055487360119caed0c0a7da6a469f518c012be
246,ANIMATION,249,1900760,12,6480,True,0,708dadfe36a20880594bb24bea2b92a07cf708f0221e03b300a27319621f3424,708dadfe36a20880594bb24bea2b92a07cf708f0221e03b300a27319621f3424
247,ANIMATION,250,1907240,16,8640,True,0,1855e1f2669f451d00639e3b942bdd02dc043664c37a418c0fe6b9428655048c,1855e1f2669f451d00639e3b942bdd02dc043664c37a418c0fe6b9428655048c
248,ANIMATION,251,1915880,12,24,True,0,63962ab4e543952859eb34ea9ed4526870a80ae0516710a2beae87cbdacc53ad,63962ab4e543952859eb34ea9ed4526870a80ae0516710a2beae87cbdacc53ad
249,ANIMATION,252,1915904,12,24,True,0,2d58722b37630caa9527952b0799adada6ebc89d31643ad05535407000b1dec8,2d58722b37630caa9527952b0799adada6ebc89d31643ad05535407000b1dec8
250,ANIMATION,253,1915928,16,8640,True,0,ccc4bb4e49ce16e0afb839f498436105842ee727d152707776670a2cd2b75dee,ccc4bb4e49ce16e0afb839f498436105842ee727d152707776670a2cd2b75dee
251,ANIMATION,254,1924568,12,24,True,0,bffeaea0f503a1b7bea7d6c213355f39c00b23634687282d82a514c3ddf699a5,bffeaea0f503a1b7bea7d6c213355f39c00b23634687282d82a514c3ddf699a5
252,ANIMATION,255,1924592,12,6480,True,0,c94520cb30f7c2e84aa456a6a82190604bfb011cd8b0676b3d4c9e3bf440e6d2,c94520cb30f7c2e84aa456a6a82190604bfb011cd8b0676b3d4c9e3bf440e6d2
253,ANIMATION,256,1931072,16,8640,True,0,976d745ab7e20f583463d33778a32393dbd8c98ad3df1f97bda277366956ed59,976d745ab7e20f583463d33778a32393dbd8c98ad3df1f97bda277366956ed59
254,ANIMATION,257,1939712,12,24,True,0,cd2828b41672a90f249704775bb6055ada7eff47247d296d51049a24baa2f30f,cd2828b41672a90f249704775bb6055ada7eff47247d296d51049a24baa2f30f
255,ANIMATION,258,1939736,12,24,True,0,d3e1a1afe7b8e8d292947d94a5c5e9a8af81d6741c4e3ce448aba714e46d2dad,d3e1a1afe7b8e8d292947d94a5c5e9a8af81d6741c4e3ce448aba714e46d2dad
256,ANIMATION,259,1939760,16,8640,True,0,39fb16173f92c14ec6b8dd29515203ce6fa5b99310644fab8a57730db031bfc4,39fb16173f92c14ec6b8dd29515203ce6fa5b99310644fab8a57730db031bfc4
257,ANIMATION,260,1948400,12,24,True,0,033bc608647f02f3bfe13e08b1a5b69a3a4c76529fa497df63da7aed240ade2e,033bc608647f02f3bfe13e08b1a5b69a3a4c76529fa497df63da7aed240ade2e
258,ANIMATION,261,1948424,12,6480,True,0,8313509ecc157405e1a8abfc8fde414765191552916e37390824bdcd6a0c87c9,8313509ecc157405e1a8abfc8fde414765191552916e37390824bdcd6a0c87c9
259,ANIMATION,262,1954904,16,8640,True,0,c0942e4ba256287eaeed55a15404ed6ae3cf7e7d5d73d1b8aa85ab9724d0cae7,c0942e4ba256287eaeed55a15404ed6ae3cf7e7d5d73d1b8aa85ab9724d0cae7
260,ANIMATION,263,1963544,12,6480,True,0,e3a61a1ddd5e32a5bad08431844f939bbe6d564c6c35c0a4a77292dea30a0c79,e3a61a1ddd5e32a5bad08431844f939bbe6d564c6c35c0a4a77292dea30a0c79
261,ANIMATION,264,1970024,12,6480,True,0,2f4bdfc602f3d050a759003485e58e5fcaceae4f2ab2da5d68a2faba643733ca,2f4bdfc602f3d050a759003485e58e5fcaceae4f2ab2da5d68a2faba643733ca
262,ANIMATION,265,1976504,16,8640,True,0,3cf5cc9eb021b674c68fae4b23e70f759adf7bbd6be23d14c46454d62909a589,3cf5cc9eb021b674c68fae4b23e70f759adf7bbd6be23d14c46454d62909a589
263,ANIMATION,266,1985144,12,24,True,0,9c1d1a9902c988c5bcd67bc858c6b7bc446fdd3cd4d085cbcb6d0df2e9cc85fc,9c1d1a9902c988c5bcd67bc858c6b7bc446fdd3cd4d085cbcb6d0df2e9cc85fc
264,ANIMATION,267,1985168,12,6480,True,0,75f0e46d2b6df78b3c8b1493d0c78e8d2d9e9a7c70051687e574237170850b44,75f0e46d2b6df78b3c8b1493d0c78e8d2d9e9a7c70051687e574237170850b44
265,ANIMATION,268,1991648,16,8640,True,0,5d8169781cb577b0c997e5955acc4fbe26b013efca346d1378b37a0322171b46,5d8169781cb577b0c997e5955acc4fbe26b013efca346d1378b37a0322171b46
266,ANIMATION,269,2000288,12,6480,True,0,bd30a45bb8718085c86faf477fa014688f4d436cf41ba87a368d63217b4f354a,bd30a45bb8718085c86faf477fa014688f4d436cf41ba87a368d63217b4f354a
267,ANIMATION,270,2006768,12,6480,True,0,d5d6335cb35d501b940679f632f80d960996a4472c69eb3f2a2da5ad98448b3d,d5d6335cb35d501b940679f632f80d960996a4472c69eb3f2a2da5ad98448b3d
268,ANIMATION,271,2013248,16,8640,True,0,fbdcbd2f9503e4c5a4f5e997c53f06314b804eae23e749c7e7795f98b1f2959f,fbdcbd2f9503e4c5a4f5e997c53f06314b804eae23e749c7e7795f98b1f2959f
269,ANIMATION,272,2021888,12,24,True,0,485ba2831322aa7b69d9d3ff464da4a7de292eb1659594270815703572d78d96,485ba2831322aa7b69d9d3ff464da4a7de292eb1659594270815703572d78d96
270,ANIMATION,273,2021912,12,6480,True,0,84ba80ea37a8131e54c1e9668c6e64d19cc90da345cac30a7c7d822ab7d94435,84ba80ea37a8131e54c1e9668c6e64d19cc90da345cac30a7c7d822ab7d94435
271,ANIMATION,274,2028392,16,8640,True,0,4adbe91cd33559c4e0527db1eddb4cbfc12f90b0291eca7cbaafa3066e84c5b4,4adbe91cd33559c4e0527db1eddb4cbfc12f90b0291eca7cbaafa3066e84c5b4
272,ANIMATION,275,2037032,12,24,True,0,3257e0bb0a9ab8da6ebb471020f2d7354bb181b09a05c2249ace870f53c9f429,3257e0bb0a9ab8da6ebb471020f2d7354bb181b09a05c2249ace870f53c9f429
273,ANIMATION,276,2037056,12,6480,True,0,9fb276a2bb97b252f772318f9c36b79bcf60fae6fb1abd89e5b7dd4cf43d22be,9fb276a2bb97b252f772318f9c36b79bcf60fae6fb1abd89e5b7dd4cf43d22be
274,ANIMATION,277,2043536,12,6480,True,0,7b8cc7a97efe3b9fb385fbad681d4393e26e14c669f536cd8a7f50e064cc5210,7b8cc7a97efe3b9fb385fbad681d4393e26e14c669f536cd8a7f50e064cc5210
275,ANIMATION,278,2050016,16,8640,True,0,ad77234b3b3cdfdc7d9b17f5cb9ed14d744384f1fce56ed7e2c491ed4a720b32,ad77234b3b3cdfdc7d9b17f5cb9ed14d744384f1fce56ed7e2c491ed4a720b32
276,ANIMATION,279,2058656,12,24,True,0,bd84a02b8c617b471948e881a08336aa66b84c49e4c04ff0dbc379a26df5feea,bd84a02b8c617b471948e881a08336aa66b84c49e4c04ff0dbc379a26df5feea
277,ANIMATION,280,2058680,12,6480,True,0,9cdbaec9cbc521b8fcc236bbddc60f1990609ee911a1dbd3d0b70f4bb2a0a278,9cdbaec9cbc521b8fcc236bbddc60f1990609ee911a1dbd3d0b70f4bb2a0a278
278,ANIMATION,281,2065160,16,32,True,0,a1596649c679ba36d74481a06773d31b881f77363974bed8990db1fb8c22e1cf,a1596649c679ba36d74481a06773d31b881f77363974bed8990db1fb8c22e1cf
279,ANIMATION,282,2065192,12,24,True,0,5c2571e33692201822f7eda6fedd3ad1bff2ac6c6e5bc77c03c7545b24f25de9,5c2571e33692201822f7eda6fedd3ad1bff2ac6c6e5bc77c03c7545b24f25de9
280,ANIMATION,283,2065216,12,6480,True,0,a3dc52418b10ee871077f455674aee92881feea91c01804690249ca0933b80cb,a3dc52418b10ee871077f455674aee92881feea91c01804690249ca0933b80cb
281,ANIMATION,284,2071696,12,6480,True,0,82c9d59d90e7024623ed679e45b433a43ce19ba4ca22b36541300b9d7e2d109b,82c9d59d90e7024623ed679e45b433a43ce19ba4ca22b36541300b9d7e2d109b
282,ANIMATION,285,2078176,16,32,True,0,ff52973878b4cc00ebe40c0b8b7e769aaad456ef8a0b74adf8afa50f07b8bf12,ff52973878b4cc00ebe40c0b8b7e769aaad456ef8a0b74adf8afa50f07b8bf12
283,ANIMATION,286,2078208,12,24,True,0,969d1473a6ee80ee30887570da4352c143b573ac046584a2876b84900de4101f,969d1473a6ee80ee30887570da4352c143b573ac046584a2876b84900de4101f
284,ANIMATION,287,2078232,12,6480,True,0,aab223eff29276e7259496860dd37ba3781f1c0cac3b67e7449132eef272b46b,aab223eff29276e7259496860dd37ba3781f1c0cac3b67e7449132eef272b46b
285,ANIMATION,288,2084712,16,32,True,0,1f30507f2352844710188a8a5c62fafb1cd5219a4e0e03e98c6aed5de4a68261,1f30507f2352844710188a8a5c62fafb1cd5219a4e0e03e98c6aed5de4a68261
286,ANIMATION,289,2084744,12,24,True,0,c8601f23f8bb51abaaa8c05a17e4b708863eea49aaf5917bc867d45b3e520314,c8601f23f8bb51abaaa8c05a17e4b708863eea49aaf5917bc867d45b3e520314
287,ANIMATION,290,2084768,12,6480,True,0,1a7d9cda9f5ddc7f2150f56fa35f253a3b2550f726e369b051634c7c71e314ce,1a7d9cda9f5ddc7f2150f56fa35f253a3b2550f726e369b051634c7c71e314ce
288,ANIMATION,291,2091248,12,6480,True,0,a7644097eb83caa1eeac1fbc6dfb46303200fb94e0c8726a849df1061b188bf4,a7644097eb83caa1eeac1fbc6dfb46303200fb94e0c8726a849df1061b188bf4
289,ANIMATION,292,2097728,16,32,True,0,de65dab84bd02a8463514ebcac835d32d2c957ef2f7d86c27a3159e337acefb2,de65dab84bd02a8463514ebcac835d32d2c957ef2f7d86c27a3159e337acefb2
290,ANIMATION,293,2097760,12,6480,True,0,b401d74028b7568e2c2013da260581e1310697be83435497495a747f67b4fab8,b401d74028b7568e2c2013da260581e1310697be83435497495a747f67b4fab8
291,ANIMATION,294,2104240,12,6480,True,0,788fe7510aed160295625cc4fe4188b62a90c9c92a64cf434feb61f82c58b7b8,788fe7510aed160295625cc4fe4188b62a90c9c92a64cf434feb61f82c58b7b8
292,ANIMATION,295,2110720,12,6480,True,0,b99ef9c27c881cd2e6c04b371bd8f7d4a113990ee6471a0196df55a0b698369b,b99ef9c27c881cd2e6c04b371bd8f7d4a113990ee6471a0196df55a0b698369b
