vertex,position_changed,normal_changed,source_x,source_y,source_z,result_x,result_y,result_z,displacement_source_units,normal_angle_degrees,head_jaw_weight,upper_jaw_weight,lower_jaw_weight
26,True,True,-16.040830612182617,53.97515106201172,-24.135391235351562,-16.33687973022461,64.59346771240234,-24.171802520751953,10.622505323602372,15.72439261806859,1.0,1.0,0.0
27,True,True,-15.92052173614502,52.897186279296875,-24.149229049682617,-16.203393936157227,64.37439727783203,-24.182872772216797,11.480745658993673,10.177191731520532,1.0,1.0,0.0
28,True,True,-15.93333625793457,52.794334411621094,-24.120325088500977,-16.2197265625,64.35418701171875,-24.15974998474121,11.563466861844555,5.192862786517415,1.0,1.0,0.0
29,True,True,-7.307063579559326,74.31806182861328,-27.22658348083496,-8.930717468261719,74.71112823486328,-27.226579666137695,1.6705547432021626,3.5656542788187853,1.0,0.0,0.0
30,True,True,-5.632782459259033,72.81494903564453,-27.60988998413086,-6.038466930389404,72.96619415283203,-27.609872817993164,0.43296070939990133,0.2759780878620491,0.9,0.0,0.0
31,True,True,-7.910376071929932,72.21038818359375,-27.19247817993164,-9.065559387207031,72.61402130126953,-27.19297981262207,1.2236700687745117,3.5025496413671533,1.0,0.0,0.0
32,True,True,-3.651472330093384,73.69153594970703,-26.58447265625,-3.926502227783203,73.72502136230469,-26.58447265625,0.27706085519269547,10.439132409534452,0.9,0.0,0.0
33,True,True,-4.754193305969238,74.8506088256836,-26.459545135498047,-6.440375804901123,74.93608856201172,-26.459545135498047,1.6883477737204802,11.266305897358894,1.0,0.0,0.0
34,True,True,-15.310286521911621,63.796714782714844,-24.903423309326172,-16.99793243408203,66.87830352783203,-24.86833953857422,3.5136261596630614,3.888509292758075,1.0,1.0,0.0
35,True,True,-16.201040267944336,62.42127990722656,-24.642152786254883,-17.73411750793457,66.4625015258789,-24.61443519592285,4.322333427635235,8.317281492015198,1.0,1.0,0.0
36,True,True,-15.862295150756836,66.09889221191406,-24.76981544494629,-17.67188835144043,67.73714447021484,-24.755008697509766,2.441048392301462,7.551152202148097,1.0,1.0,0.0
37,True,True,-15.155827522277832,66.01502990722656,-25.004587173461914,-16.998123168945312,67.69964599609375,-24.981740951538086,2.4964988616973818,1.3563621740886576,1.0,1.0,0.0
38,True,True,-6.392579555511475,76.13846588134766,-24.554336547851562,-9.140000343322754,76.13846588134766,-24.554336547851562,2.7474207878112793,3.7294505079749425,1.0,0.0,0.0
39,True,True,-6.535193920135498,75.5815658569336,-25.67238998413086,-9.323935508728027,75.73190307617188,-25.67238998413086,2.7927908850169723,6.8512357345914,1.0,0.0,0.0
40,True,True,-8.00482177734375,75.56978607177734,-25.713232040405273,-10.761719703674316,75.8735580444336,-25.713232040405273,2.773583167596971,8.027219077489693,1.0,0.0,0.0
41,True,True,-9.923932075500488,75.86096954345703,-24.551494598388672,-12.24492359161377,75.74009704589844,-24.551494598388672,2.3241367813740825,3.8672626939576777,1.0,0.0,0.0
42,True,True,-11.014749526977539,75.0387191772461,-24.900508880615234,-12.781129837036133,75.58389282226562,-24.900508880615234,1.8485977666833247,16.12126223995837,1.0,0.0,0.0
43,True,True,-12.231711387634277,75.05858612060547,-24.54071044921875,-13.57602596282959,75.2962875366211,-24.54071044921875,1.3651679897574462,4.5968305517267725,1.0,0.0,0.0
44,True,True,-11.472993850708008,72.24390411376953,-26.65264129638672,-13.452293395996094,73.33806610107422,-26.560731887817383,2.2634629406782283,2.591785792809398,1.0,0.0,0.0
45,True,True,-12.736431121826172,72.81220245361328,-26.430524826049805,-14.015941619873047,74.07322692871094,-26.418840408325195,1.7965150617306398,11.846566332118524,1.0,0.0,0.0
46,True,True,-12.573437690734863,74.37327575683594,-25.473220825195312,-13.738404273986816,75.22854614257812,-25.473215103149414,1.445210909471023,10.249082149041003,1.0,0.0,0.0
56,True,True,-9.252470016479492,73.96971893310547,-26.64828109741211,-10.789822578430176,74.7823257446289,-26.648263931274414,1.7389027374080743,3.686519394438325,1.0,0.0,0.0
57,True,True,-10.24733829498291,73.00028991699219,-26.731103897094727,-11.636642456054688,74.19595336914062,-26.68974494934082,1.8334360379719234,2.017357567965097,1.0,0.0,0.0
61,True,True,-9.234234809875488,72.27140045166016,-27.159984588623047,-10.359928131103516,73.03841400146484,-27.175888061523438,1.3622584774893742,3.8398029771728273,1.0,0.0,0.0
70,True,True,-10.418006896972656,62.286277770996094,-26.789743423461914,-10.383428573608398,67.37126922607422,-26.64140510559082,5.087272158555414,17.28116918222388,1.0,0.0,1.0
71,True,True,-9.980758666992188,63.69227600097656,-27.280485153198242,-9.863102912902832,67.65756225585938,-27.102703094482422,3.971013021891786,69.70456938130225,1.0,0.0,1.0
72,True,True,-9.354972839355469,63.959938049316406,-27.613731384277344,-10.167305946350098,67.31910705566406,-27.17487144470215,3.4837479151755786,59.98489549412793,1.0,0.0,0.0
73,True,True,-9.540804862976074,62.55000305175781,-27.646926879882812,-9.710925102233887,66.32451629638672,-27.24671173095703,3.799481977206084,15.747089208061846,0.75,0.0,0.25
74,True,True,-9.880743026733398,62.11219024658203,-27.44879722595215,-9.72581958770752,65.81043243408203,-27.12095832824707,3.7159756312727446,10.684511929660262,0.75,0.0,0.25
75,True,True,-10.195728302001953,61.991729736328125,-27.069133758544922,-10.074975967407227,65.97189331054688,-26.71525001525879,3.997688945829835,21.936875823342792,0.75,0.0,0.25
77,True,True,-8.584914207458496,61.289939880371094,-27.726900100708008,-8.797615051269531,63.31630325317383,-27.379724502563477,2.066862613610642,15.957346398056012,0.49586776,0.0,0.0
78,True,True,-6.979119777679443,62.192047119140625,-28.873369216918945,-6.924185752868652,62.69635009765625,-28.85154151916504,0.5077555411917032,4.706646698286012,0.49586776,0.0,0.0
80,True,True,-11.146538734436035,61.90277099609375,-25.83487892150879,-11.250381469726562,67.09305572509766,-25.743833541870117,5.19212173807176,13.550625414899228,1.0,0.0,1.0
81,True,True,-12.740004539489746,61.668190002441406,-25.600749969482422,-13.146605491638184,66.77490997314453,-25.523752212524414,5.123459948905886,29.592619448320693,1.0,0.0,1.0
82,True,True,-12.381942749023438,62.02428436279297,-26.06448745727539,-12.720511436462402,66.84223175048828,-25.959665298461914,4.8309661012775225,50.885722635088804,1.0,0.0,1.0
83,True,True,-10.760863304138184,62.24445343017578,-26.642976760864258,-10.791427612304688,67.25284576416016,-26.50344467163086,5.010428839128742,49.60060976519874,1.0,0.0,1.0
84,True,True,-9.602128982543945,69.5208969116211,-27.264982223510742,-10.81214427947998,69.40603637695312,-27.297157287597656,1.2158804201040536,7.727951501775886,1.0,0.0,0.0
85,True,True,-9.998461723327637,70.05057525634766,-27.347789764404297,-11.409941673278809,69.96288299560547,-27.425458908081055,1.4163326154500995,3.9319895513528436,1.0,0.0,0.0
86,True,True,-9.633935928344727,70.85713958740234,-27.397113800048828,-10.857163429260254,70.9347915649414,-27.49449920654297,1.229552465741012,2.0412100658368364,1.0,0.0,0.0
87,True,True,-8.981164932250977,70.62247467041016,-27.475269317626953,-9.954388618469238,70.66707611083984,-27.560373306274414,0.9779551731998618,3.71953300079273,1.0,0.0,0.0
88,True,True,-11.918252944946289,69.20743560791016,-26.76479721069336,-13.721318244934082,69.0349349975586,-26.713071823120117,1.8120365482824383,13.96642321680075,1.0,0.0,0.0
89,True,True,-12.293655395507812,70.54752349853516,-26.41304588317871,-14.528207778930664,70.54595947265625,-26.277122497558594,2.2386830877094086,7.456670439394595,1.0,0.0,0.0
90,True,True,-11.471487045288086,71.02962493896484,-26.766220092773438,-13.721504211425781,71.1597671508789,-26.676265716552734,2.2555722185373375,4.918285529672228,1.0,0.0,0.0
91,True,True,-10.8031587600708,70.6554946899414,-27.25705909729004,-12.742133140563965,70.68033599853516,-27.31290626525879,1.9399375363633822,4.002224774540035,1.0,0.0,0.0
92,True,True,-10.85326099395752,70.92903137207031,-27.21426773071289,-12.823399543762207,71.02151489257812,-27.258277893066406,1.97279902711412,4.280477436730221,1.0,0.0,0.0
93,True,True,-10.578227996826172,70.92682647705078,-27.358171463012695,-12.400808334350586,71.02093505859375,-27.44538116455078,1.827090869084786,2.344917944125789,1.0,0.0,0.0
94,True,True,-10.628950119018555,70.50196838378906,-27.300432205200195,-12.465176582336426,70.49618530273438,-27.368684768676758,1.8375036002785041,2.5903570969861294,1.0,0.0,0.0
95,True,True,-10.322493553161621,70.53921508789062,-27.334630966186523,-11.983023643493652,70.54570007324219,-27.413537979125977,1.6624164798942955,1.4939837386007393,1.0,0.0,0.0
96,True,True,-10.371282577514648,70.5960693359375,-27.354984283447266,-12.064850807189941,70.61395263671875,-27.440174102783203,1.6958037817892813,1.1988612779936103,1.0,0.0,0.0
97,True,True,-10.263872146606445,70.90399932861328,-27.381797790527344,-11.900973320007324,70.99258422851562,-27.476205825805664,1.6422120489042684,0.8245450433976552,1.0,0.0,0.0
122,True,True,-15.958078384399414,54.869422912597656,-24.264917373657227,-16.358524322509766,64.78256225585938,-24.275423049926758,9.921229709945553,24.821129375111973,1.0,1.0,0.0
123,True,True,-16.041723251342773,55.2213134765625,-24.187236785888672,-16.5112247467041,64.85919189453125,-24.2132568359375,9.649342417838579,23.55477526316436,1.0,1.0,0.0
124,True,True,-15.869384765625,54.5211181640625,-24.261625289916992,-16.225505828857422,64.70825958251953,-24.272790908813477,10.19337025533586,15.854605595555826,1.0,1.0,0.0
434,True,True,-13.570796012878418,63.572113037109375,-25.406858444213867,-7.031647205352783,65.94536590576172,-24.32005500793457,7.040876224919665,43.75143749370222,1.0,0.0,1.0
435,True,True,-11.542707443237305,63.31243896484375,-25.19853973388672,-6.769321918487549,65.97638702392578,-24.319467544555664,5.536659330628237,62.295216849217674,1.0,0.0,1.0
436,True,True,-13.110974311828613,64.44942474365234,-26.264873504638672,-7.094561576843262,66.00524139404297,-24.317649841308594,6.512255188669992,39.7648506671625,1.0,0.0,1.0
437,True,True,-13.699819564819336,64.15248107910156,-25.721309661865234,-7.10092830657959,65.98255920410156,-24.316396713256836,6.990588828907333,36.16157152771758,1.0,0.0,1.0
438,True,True,-14.38992977142334,64.09193420410156,-25.128238677978516,-15.096443176269531,70.7522964477539,-24.121156692504883,6.7730200452503135,28.04899149153536,1.0,1.0,0.0
439,True,True,-13.966853141784668,65.55815887451172,-24.678869247436523,-15.080856323242188,70.85157012939453,-24.107526779174805,5.439451996079835,32.72429463584515,1.0,1.0,0.0
440,True,True,-14.842204093933105,63.550506591796875,-24.78651237487793,-15.155767440795898,70.65847778320312,-24.11903953552246,7.146124573615705,50.769462847562984,1.0,1.0,0.0
441,True,True,-11.970526695251465,65.95193481445312,-26.692781448364258,-13.89531135559082,67.661376953125,-26.1425724029541,2.6324358316578045,20.148470779796416,1.0,0.5,0.3181818
442,True,True,-14.451433181762695,62.95545959472656,-25.29955291748047,-16.116220474243164,66.6158447265625,-25.225976943969727,4.021858956558285,7.979500386560091,1.0,1.0,0.0
443,True,True,-14.391899108886719,63.611000061035156,-25.255985260009766,-16.11036491394043,66.81918334960938,-25.196840286254883,3.6399262168547115,4.056202571418423,1.0,1.0,0.0
444,True,True,-8.926055908203125,65.64789581298828,-25.153867721557617,-6.968081951141357,66.06172180175781,-24.30674934387207,2.1731367907533548,128.91035016023247,1.0,0.0,1.0
445,True,True,-9.836111068725586,64.99891662597656,-24.54014778137207,-7.000570774078369,66.0506820678711,-24.30276870727539,3.03361964197073,98.34345448839824,1.0,0.0,1.0
446,True,True,-9.957038879394531,65.52293395996094,-24.542238235473633,-7.019201278686523,66.0284652709961,-24.302812576293945,2.9906147061840542,120.93815048133285,1.0,0.0,0.0
447,True,True,-10.635906219482422,66.02378845214844,-24.54189109802246,-14.803531646728516,70.83719635009766,-24.10569953918457,6.381869660990385,15.835275883789846,1.0,0.0,0.0
448,True,True,-11.053991317749023,66.36415100097656,-24.105453491210938,-14.834962844848633,70.83765411376953,-24.099905014038086,5.857303694918445,18.46193422213316,1.0,0.0,0.0
449,True,True,-10.865586280822754,66.91940307617188,-24.962928771972656,-14.836112976074219,70.8494644165039,-24.11138153076172,5.6511589148148085,35.672244143148156,1.0,0.0,0.0
450,True,True,-11.517382621765137,65.8160171508789,-26.506290435791016,-14.873663902282715,70.85370635986328,-24.131372451782227,6.502551194034439,9.996381256930276,1.0,0.5,0.3181818
451,True,True,-9.829368591308594,66.90119934082031,-25.08179473876953,-14.765686988830566,70.85184478759766,-24.11302947998047,6.3963540313598255,35.76070710318923,1.0,0.0,0.0
452,True,True,-11.187984466552734,65.90974426269531,-26.6431827545166,-7.070980548858643,66.04105377197266,-24.316547393798828,4.730771136641201,77.54325974127624,1.0,0.5,0.3181818
453,True,True,-9.26213550567627,66.65760803222656,-25.171749114990234,-7.005847454071045,66.03331756591797,-24.307090759277344,2.4956378804314583,44.04897183493523,1.0,0.0,0.0
454,True,True,-9.429327011108398,66.90213012695312,-25.196487426757812,-7.014066696166992,66.03704071044922,-24.307266235351562,2.715248867916877,64.62317158794137,1.0,0.0,0.0
455,True,True,-11.154276847839355,65.95922088623047,-26.77578353881836,-6.56276273727417,65.95033264160156,-24.709041595458984,5.035226220226126,41.17028685984658,1.0,0.5,0.3181818
456,True,True,-13.207450866699219,64.51895141601562,-26.376970291137695,-7.10398530960083,66.00682067871094,-24.317703247070312,6.611098812477533,44.59820756236494,1.0,0.0,1.0
457,True,True,-13.799609184265137,64.16409301757812,-25.73928451538086,-7.1077070236206055,65.98184967041016,-24.316438674926758,7.078861777309371,36.57433307557153,1.0,0.0,1.0
458,True,True,-9.776551246643066,64.4399642944336,-25.178726196289062,-6.938803672790527,66.0482406616211,-24.308597564697266,3.3758684810986948,53.1182534768832,1.0,0.0,1.0
459,True,True,-9.188295364379883,66.45946502685547,-25.16916847229004,-7.00137996673584,66.03063201904297,-24.307065963745117,2.3895015045572925,64.75119617759265,1.0,0.0,0.0
460,True,True,-11.058052062988281,65.83682250976562,-26.511104583740234,-7.063729286193848,66.04118347167969,-24.31568145751953,4.562484032971285,42.71179568680745,1.0,0.5,0.5
461,True,True,-14.417023658752441,62.71363830566406,-25.031530380249023,-15.066047668457031,70.45735931396484,-24.142972946166992,7.821507625338886,14.116234188096367,1.0,1.0,0.0
462,True,True,-15.113114356994629,61.605369567871094,-24.972206115722656,-15.2567138671875,70.18096923828125,-24.15396499633789,8.615744254324083,18.175518704512633,1.0,1.0,0.0
463,True,True,-15.144658088684082,61.44428253173828,-24.98483657836914,-15.26889705657959,70.05638885498047,-24.341493606567383,8.636996053220038,21.40562378267871,1.0,1.0,0.0
464,True,True,-14.451433181762695,62.95545959472656,-25.29955291748047,-15.068404197692871,70.2119369506836,-24.466135025024414,7.330191145903424,74.63051221604204,1.0,1.0,0.0
465,True,True,-9.59442138671875,66.90318298339844,-25.11861801147461,-14.749687194824219,70.85179138183594,-24.113542556762695,6.571031160030886,28.6458010609226,1.0,0.0,0.0
466,True,True,-10.07209587097168,65.905029296875,-24.54432487487793,-7.026278972625732,66.02938842773438,-24.302831649780273,3.057905287847531,38.54963524365922,1.0,0.0,0.0
467,True,True,-9.429327011108398,66.90213012695312,-25.196487426757812,-14.73836612701416,70.85150909423828,-24.114606857299805,6.704771146580812,14.634685645271707,1.0,0.0,0.0
468,True,True,-10.07209587097168,65.905029296875,-24.54432487487793,-14.76279067993164,70.8362045288086,-24.10573959350586,6.819931378531273,16.638468789439564,1.0,0.0,0.0
469,True,True,-11.970526695251465,65.95193481445312,-26.692781448364258,-14.18004035949707,70.6301498413086,-24.832773208618164,5.497933895738264,73.20749080825324,1.0,0.5,0.3181818
470,True,True,-11.154276847839355,65.95922088623047,-26.77578353881836,-13.835758209228516,70.67808532714844,-24.91815757751465,5.736619049174091,8.92000421927511,1.0,0.5,0.3181818
471,True,True,-10.198091506958008,70.90386199951172,-27.358585357666016,-11.794126510620117,70.99276733398438,-27.44609260559082,1.6009026859405844,4.314111815653601,1.0,0.0,0.0
472,True,True,-10.127198219299316,70.90644073486328,-27.32387351989746,-11.678123474121094,70.99651336669922,-27.401050567626953,1.55545444219562,1.016610576597265,1.0,0.0,0.0
473,True,True,-10.267583847045898,70.48550415039062,-27.30270004272461,-11.890515327453613,70.4813232421875,-27.37187957763672,1.6244106248551922,2.0992328935948623,1.0,0.0,0.0
474,True,True,-11.342368125915527,71.02814483642578,-26.874805450439453,-13.539679527282715,71.15875244140625,-26.817276000976562,2.2019412750144975,2.51673672265587,1.0,0.0,0.0
475,True,True,-11.25341510772705,70.13529968261719,-27.070308685302734,-13.358760833740234,70.03706359863281,-27.06724739074707,2.107638566206958,1.797486335936761,1.0,0.0,0.0
476,True,True,-11.345769882202148,70.02708435058594,-27.009994506835938,-13.46261215209961,69.90666961669922,-26.988994598388672,2.1203683406230245,7.788290059590107,1.0,0.0,0.0
477,True,True,-15.832052230834961,57.717437744140625,-24.163326263427734,-15.326007843017578,69.8110122680664,-24.091064453125,12.104373071638877,7.403318579750222,1.0,1.0,0.0
478,True,True,-16.04093360900879,55.563743591308594,-24.106433868408203,-15.260112762451172,69.62638854980469,-24.08717155456543,14.084318778693882,35.75504919369573,1.0,1.0,0.0
479,True,True,-15.900899887084961,56.21113586425781,-24.354496002197266,-15.267480850219727,69.68177032470703,-24.105466842651367,13.48781776143233,30.94470975632448,1.0,1.0,0.0
480,True,True,-15.6316499710083,59.36152648925781,-24.655155181884766,-15.331293106079102,69.95342254638672,-24.12916374206543,10.609200880655253,9.770640158268,1.0,1.0,0.0
481,True,True,-16.02878761291504,56.580963134765625,-24.362720489501953,-16.796783447265625,65.16084289550781,-24.354032516479492,8.614187703506843,24.127937259117676,1.0,1.0,0.0
482,True,True,-15.905753135681152,59.707855224609375,-24.649385452270508,-17.085620880126953,65.85624694824219,-24.60223960876465,6.260753262362283,21.784150841463415,1.0,1.0,0.0
483,True,True,-15.580842971801758,59.71068572998047,-24.74595069885254,-16.77738380432129,65.85687255859375,-24.68511390686035,6.261870615987352,20.60649756537482,1.0,1.0,0.0
484,True,True,-15.816764831542969,56.49102020263672,-24.407407760620117,-16.581321716308594,65.14092254638672,-24.390066146850586,8.683643159297969,20.114551641983745,1.0,1.0,0.0
485,True,True,-15.580842971801758,59.71068572998047,-24.74595069885254,-15.332869529724121,69.9083480834961,-24.249788284301758,10.212736432802842,2.5505415275715557,1.0,1.0,0.0
486,True,True,-15.48275375366211,60.583404541015625,-24.278438568115234,-15.348482131958008,70.05509185791016,-24.099578857421875,9.474327432252123,26.737550941851918,1.0,1.0,0.0
487,True,True,-15.539520263671875,59.55010223388672,-24.256114959716797,-15.307477951049805,69.96910095214844,-24.097900390625,10.422783206795545,14.413904977370493,1.0,1.0,0.0
488,True,True,-15.539520263671875,59.55010223388672,-24.256114959716797,-15.307477951049805,69.96910095214844,-24.097900390625,10.422783206795545,0.49167533052454077,1.0,1.0,0.0
489,True,True,-15.832052230834961,57.717437744140625,-24.163326263427734,-15.326007843017578,69.8110122680664,-24.091064453125,12.104373071638877,0.34985297657200104,1.0,1.0,0.0
490,True,True,-15.58404541015625,59.35423278808594,-24.245710372924805,-15.31278133392334,69.95281219482422,-24.09710693359375,10.603091653955099,0.6560889721465079,1.0,1.0,0.0
491,True,True,-16.069074630737305,54.31153869628906,-24.065906524658203,-15.178814888000488,69.5234146118164,-24.084209442138672,15.237915417658906,26.621035064615764,1.0,1.0,0.0
492,True,True,-15.947541236877441,52.514801025390625,-24.03472900390625,-15.121915817260742,69.38434600830078,-24.0819149017334,16.889802597215287,18.149348333551487,1.0,1.0,0.0
493,True,True,-15.942400932312012,52.69065856933594,-24.090099334716797,-15.115365028381348,69.29918670654297,-24.029970169067383,16.629215579435783,81.33924369806488,1.0,1.0,0.0
494,True,True,-15.95088005065918,54.47949981689453,-24.22037696838379,-15.14113712310791,69.5368423461914,-24.095579147338867,15.079616114126688,28.10885636514403,1.0,1.0,0.0
495,True,True,-15.93333625793457,52.794334411621094,-24.120325088500977,-15.109806060791016,69.3072738647461,-24.039644241333008,16.53365902537243,5.8504714641409326,1.0,1.0,0.0
496,True,True,-15.869384765625,54.5211181640625,-24.261625289916992,-15.112117767333984,69.44890594482422,-24.08485984802246,14.948028209620416,108.49608190118735,1.0,1.0,0.0
497,True,True,-15.942400932312012,52.69065856933594,-24.090099334716797,-16.233623504638672,64.3339614868164,-24.135568618774414,11.647033135980788,48.48002275231378,1.0,1.0,0.0
498,True,True,-15.947541236877441,52.514801025390625,-24.03472900390625,-16.208328247070312,64.34593200683594,-24.164501190185547,11.834716345782528,149.8953653239923,1.0,1.0,0.0
499,True,True,-16.248889923095703,53.514801025390625,-24.043651580810547,-16.512575149536133,64.49846649169922,-24.098411560058594,10.986966625495418,125.27576203889531,1.0,1.0,0.0
522,True,True,-15.956828117370605,52.79381561279297,-23.960981369018555,-16.242067337036133,64.35408782958984,-24.03227424621582,11.564010455426793,13.479053901104194,1.0,1.0,0.0
523,True,True,-15.950993537902832,52.895774841308594,-23.937137603759766,-16.232391357421875,64.3741226196289,-24.013200759887695,11.482048513075577,8.357824236818768,1.0,1.0,0.0
524,True,True,-16.067607879638672,53.999969482421875,-23.966833114624023,-16.36406707763672,64.59864044189453,-24.036956787109375,10.603048217031247,11.746435790194194,1.0,1.0,0.0
525,True,True,-8.404276847839355,72.95402526855469,-21.578876495361328,-9.57377815246582,73.60884094238281,-21.578767776489258,1.3403420757529692,3.6150885891349285,1.0,0.0,0.0
526,True,True,-6.216891288757324,74.14640045166016,-21.52365493774414,-7.373424530029297,74.3536376953125,-21.523656845092773,1.1749537919966528,2.7010483180879032,0.9,0.0,0.0
527,True,True,-7.511895179748535,75.28230285644531,-21.840503692626953,-10.155719757080078,75.67110443115234,-21.840503692626953,2.6722602905025887,5.558405462974494,1.0,0.0,0.0
528,True,True,-3.8247697353363037,74.82096099853516,-22.501806259155273,-5.07560396194458,74.85803985595703,-22.501806259155273,1.2513836758254586,15.55764098875076,0.9,0.0,0.0
529,True,True,-4.910592555999756,75.94075775146484,-22.636436462402344,-7.480400562286377,75.95197296142578,-22.636436462402344,2.5698324789972764,10.172220051707633,1.0,0.0,0.0
530,True,True,-15.245594024658203,63.90486145019531,-23.43247413635254,-16.9453067779541,66.91313934326172,-23.48388671875,3.455633455570419,7.196216378994864,1.0,1.0,0.0
531,True,True,-15.262350082397461,65.74851989746094,-23.291458129882812,-17.08891487121582,67.58460998535156,-23.327533721923828,2.5901481013529652,2.1789431137006723,1.0,1.0,0.0
532,True,True,-16.168996810913086,66.32432556152344,-23.610475540161133,-17.968612670898438,67.8412857055664,-23.63278579711914,2.3537805908136837,5.772112320602791,1.0,1.0,0.0
533,True,True,-16.178306579589844,62.43467712402344,-23.728227615356445,-17.713802337646484,66.46607971191406,-23.778366088867188,4.314216952725854,10.061852538449436,1.0,1.0,0.0
534,True,True,-8.046857833862305,75.90289306640625,-23.3939266204834,-10.948620796203613,75.99471282958984,-23.3939266204834,2.9032153138420336,14.81860386975542,1.0,0.0,0.0
535,True,True,-6.6172709465026855,76.10690307617188,-23.438928604125977,-9.589963912963867,76.12236022949219,-23.438928604125977,2.972733152578036,8.011835148088144,1.0,0.0,0.0
536,True,True,-11.468832015991211,74.85636901855469,-23.459148406982422,-13.100239753723145,75.47686004638672,-23.459150314331055,1.745422677277717,8.149977915832638,1.0,0.0,0.0
537,True,True,-12.929268836975098,74.1570816040039,-23.16119956970215,-14.01639461517334,75.10487365722656,-23.16120719909668,1.4422732868057149,15.664633143314544,1.0,0.0,0.0
538,True,True,-13.354004859924316,72.5306625366211,-22.156112670898438,-14.455953598022461,73.60395050048828,-22.158063888549805,1.5382593676063179,12.471757218857004,1.0,0.0,0.0
539,True,True,-11.658672332763672,72.16979217529297,-21.991809844970703,-13.764687538146973,73.19546508789062,-22.086856842041016,2.344427200958543,2.3425654289031423,1.0,0.0,0.0
549,True,True,-10.335658073425293,73.18136596679688,-21.929187774658203,-11.773467063903809,74.39958190917969,-21.973188400268555,1.8850148090746117,2.797874315436866,1.0,0.0,0.0
550,True,True,-9.705060958862305,74.19886016845703,-21.889596939086914,-11.433846473693848,75.1125259399414,-21.889610290527344,1.9553732376331026,3.810533495399515,1.0,0.0,0.0
554,True,True,-9.248448371887207,72.7092514038086,-21.507164001464844,-10.413276672363281,73.62986755371094,-21.496368408203125,1.4847476586561323,3.3412761164357816,1.0,0.0,0.0
563,True,True,-10.898831367492676,62.639808654785156,-21.91427230834961,-10.955609321594238,67.24640655517578,-22.058462142944336,4.609203690482308,22.026949110010605,1.0,0.0,1.0
564,True,True,-10.31873607635498,63.20313262939453,-21.169750213623047,-10.391454696655273,66.56680297851562,-21.532041549682617,3.3839062084340674,15.322322701784248,0.75,0.0,0.25
565,True,True,-9.899439811706543,64.23920440673828,-21.176279067993164,-10.73615837097168,67.27338409423828,-21.57196807861328,3.1722096583583266,45.888607544835324,1.0,0.0,0.0
566,True,True,-10.579992294311523,63.978431701660156,-21.52098274230957,-10.576190948486328,67.48651123046875,-21.688770294189453,3.512091840092148,56.91570617040755,1.0,0.0,1.0
567,True,True,-10.47951602935791,62.69281005859375,-21.319225311279297,-10.312188148498535,66.08251190185547,-21.641538619995117,3.409100038851914,11.50042322859352,0.75,0.0,0.25
568,True,True,-10.57955265045166,62.393287658691406,-21.65105438232422,-10.510464668273926,66.03180694580078,-21.986421585083008,3.6545953144821057,22.482098285650235,0.75,0.0,0.25
571,True,True,-6.919121742248535,62.155609130859375,-19.753190994262695,-6.866053581237793,62.63884735107422,-19.773971557617188,0.486587339542247,5.151455531244629,0.49586776,0.0,0.0
572,True,True,-8.535660743713379,61.486480712890625,-21.002979278564453,-8.815394401550293,63.10907745361328,-21.294891357421875,1.672209246509978,15.245565720189113,0.49586776,0.0,0.0
573,True,True,-11.639077186584473,61.814170837402344,-22.815223693847656,-11.836502075195312,66.95245361328125,-22.905357360839844,5.142864041510557,22.60108416624388,1.0,0.0,1.0
574,True,True,-11.22297191619873,62.529945373535156,-22.0400390625,-11.341336250305176,67.13240814208984,-22.17668342590332,4.606011868587665,49.72907321623381,1.0,0.0,1.0
575,True,True,-12.647046089172363,62.172019958496094,-22.57954216003418,-13.035984992980957,66.82427978515625,-22.68381690979004,4.6696539688812555,54.57806823404252,1.0,0.0,1.0
576,True,True,-12.982564926147461,61.814048767089844,-23.042245864868164,-13.43525218963623,66.76490020751953,-23.118757247924805,4.972093094006477,39.33891881574678,1.0,0.0,1.0
577,True,True,-9.627547264099121,69.70734405517578,-21.402141571044922,-10.860440254211426,69.590087890625,-21.370677947998047,1.238855961267675,8.79886694731007,1.0,0.0,0.0
578,True,True,-9.000215530395508,71.01680755615234,-21.20574188232422,-9.978063583374023,71.11266326904297,-21.12124252319336,0.9861618904121016,4.780913724143092,1.0,0.0,0.0
579,True,True,-9.535208702087402,71.16332244873047,-21.257461547851562,-10.721785545349121,71.32551574707031,-21.162200927734375,1.2013932981069997,2.2631365187105104,1.0,0.0,0.0
580,True,True,-9.91556167602539,70.24352264404297,-21.304664611816406,-11.300664901733398,70.1661605834961,-21.22705078125,1.3894314452228211,3.573688353564698,1.0,0.0,0.0
581,True,True,-11.63315200805664,70.9304428100586,-21.881378173828125,-13.942096710205078,70.98375701904297,-21.968585968017578,2.311206014579046,1.5581667698938484,1.0,0.0,0.0
582,True,True,-12.96923828125,70.2408447265625,-21.843738555908203,-14.587593078613281,70.22836303710938,-21.8658504486084,1.6185539776353264,4.335954940476383,1.0,0.0,0.0
583,True,True,-12.12539005279541,69.1343002319336,-21.83905029296875,-13.706963539123535,68.9981460571289,-21.87135887145996,1.5877520260471936,8.174073804761264,1.0,0.0,0.0
584,True,True,-10.792567253112793,70.80802154541016,-21.391511917114258,-12.743026733398438,70.83390808105469,-21.334835052490234,1.9514544739622885,3.36443867861338,1.0,0.0,0.0
585,True,True,-10.591245651245117,70.67871856689453,-21.348758697509766,-12.425948143005371,70.67957305908203,-21.279647827148438,1.836003887749229,1.8325018546200496,1.0,0.0,0.0
586,True,True,-10.541465759277344,71.1496810913086,-21.291179656982422,-12.362975120544434,71.31659698486328,-21.20332908630371,1.831249571050701,2.193852772937223,1.0,0.0,0.0
587,True,True,-10.855408668518066,71.08934020996094,-21.43419075012207,-12.844754219055176,71.22330474853516,-21.389461517333984,1.994352757488757,3.972603805574217,1.0,0.0,0.0
588,True,True,-10.20279312133789,71.16378021240234,-21.26902961730957,-11.823921203613281,71.33609008789062,-21.17433738708496,1.6330075231907486,0.38699078657630964,1.0,0.0,0.0
589,True,True,-10.312734603881836,70.82128143310547,-21.295225143432617,-11.995121955871582,70.85542297363281,-21.20939064025879,1.6849214844792466,0.5107262222038045,1.0,0.0,0.0
590,True,True,-10.261124610900879,70.76290893554688,-21.315860748291016,-11.908941268920898,70.78518676757812,-21.236358642578125,1.6498838216859582,1.1438022750042178,1.0,0.0,0.0
613,True,True,-15.973795890808105,54.72602081298828,-23.897014617919922,-16.350921630859375,64.75181579589844,-23.981101989746094,10.033237740094487,6.611916792758758,1.0,1.0,0.0
614,True,True,-16.06279182434082,55.23900604248047,-23.94794464111328,-16.535415649414062,64.86307525634766,-24.021772384643555,9.635949981659714,17.521490917320932,1.0,1.0,0.0
615,True,True,-15.922869682312012,54.52595520019531,-23.92181396484375,-16.1968936920166,64.70928955078125,-24.000940322875977,10.187327845625346,18.908579963238285,1.0,1.0,0.0
918,True,True,-13.945809364318848,63.418121337890625,-23.23019790649414,-7.0522284507751465,65.92453002929688,-24.280466079711914,7.409899160960626,34.26969443829374,1.0,0.0,1.0
919,True,True,-14.15142822265625,63.66773986816406,-22.58870506286621,-7.094162464141846,65.94109344482422,-24.27366065979004,7.603434213197241,49.25329517709841,1.0,0.0,1.0
920,True,True,-13.026769638061523,63.88752746582031,-22.374263763427734,-7.02732515335083,65.97737884521484,-24.27522087097168,6.63132346050203,48.37918334407094,1.0,0.0,1.0
921,True,True,-11.825216293334961,63.34757995605469,-23.451200485229492,-6.810367584228516,65.97105407714844,-24.28389549255371,5.720551111081684,64.57039501089821,1.0,0.0,1.0
922,True,True,-14.825980186462402,63.36412048339844,-23.653480529785156,-15.157696723937988,70.61837768554688,-24.07650375366211,7.27414820196128,54.00820228584416,1.0,1.0,0.0
923,True,True,-13.938680648803711,65.72608947753906,-23.840429306030273,-15.079740524291992,70.85697937011719,-24.096372604370117,5.262466693592917,30.400292375137006,1.0,1.0,0.0
924,True,True,-14.291946411132812,64.2318115234375,-23.343488693237305,-15.089472770690918,70.77124786376953,-24.083036422729492,6.629268948205544,31.26775205387362,1.0,1.0,0.0
925,True,True,-14.456113815307617,63.87760925292969,-23.130468368530273,-16.19307518005371,66.90433502197266,-23.199953079223633,3.4904056767988307,6.145475417172214,1.0,1.0,0.0
926,True,True,-14.560157775878906,62.60760498046875,-23.168909072875977,-16.192337036132812,66.51345825195312,-23.262693405151367,4.2342052875301786,11.122796103804319,1.0,1.0,0.0
927,True,True,-12.232542037963867,65.80368041992188,-22.121252059936523,-14.223282814025879,67.58749389648438,-22.522441864013672,2.7029599729809974,5.518342962410899,1.0,0.5,0.3181818
928,True,True,-9.241949081420898,65.621826171875,-23.509958267211914,-6.994677543640137,66.0239486694336,-24.295927047729492,2.414472777131803,107.23352201470776,1.0,0.0,0.0
929,True,True,-11.226518630981445,66.88247680664062,-23.688175201416016,-14.855955123901367,70.84629821777344,-24.094297409057617,5.3897703738687675,26.63616520447878,1.0,0.0,0.0
930,True,True,-10.2941255569458,66.91890716552734,-23.580490112304688,-14.794102668762207,70.8514404296875,-24.092811584472656,5.99809012698559,32.348820356764335,1.0,0.0,0.0
931,True,True,-11.660141944885254,65.69225311279297,-22.13987159729004,-14.882189750671387,70.84990692138672,-24.07423210144043,6.381593486903549,11.284556326889891,1.0,0.5,0.3181818
932,True,True,-11.427310943603516,65.76834106445312,-22.006580352783203,-7.078405380249023,66.03836822509766,-24.286203384399414,4.917578208095575,102.20903544328819,1.0,0.5,0.3181818
933,True,True,-11.58668327331543,65.84620666503906,-21.963899612426758,-6.615707874298096,65.93827819824219,-23.890884399414062,5.33219879169395,126.98332029347577,1.0,0.5,0.3181818
934,True,True,-9.916171073913574,66.93655395507812,-23.471975326538086,-7.029353618621826,66.0375747680664,-24.295623779296875,3.1337318603526567,77.35429217370421,1.0,0.0,0.0
935,True,True,-9.711413383483887,66.6820068359375,-23.496400833129883,-7.01983642578125,66.03424072265625,-24.29579734802246,2.88153123265629,35.85488947969433,1.0,0.0,0.0
936,True,True,-13.100520133972168,63.94903564453125,-22.2617130279541,-7.040898323059082,65.97978210449219,-24.275083541870117,6.700493153659953,54.34973743658514,1.0,0.0,1.0
937,True,True,-14.241490364074707,63.68860626220703,-22.60263442993164,-7.103585720062256,65.94104766845703,-24.274320602416992,7.669270477358503,25.725369552439606,1.0,0.0,1.0
938,True,True,-10.01005744934082,64.41461181640625,-23.47581672668457,-6.944660186767578,66.044921875,-24.294071197509766,3.5670872772570204,55.08048594494099,1.0,0.0,1.0
939,True,True,-11.333704948425293,65.69515991210938,-22.140405654907227,-7.072846412658691,66.03829193115234,-24.287080764770508,4.783395140652102,48.078419681321904,1.0,0.5,0.5
940,True,True,-9.613747596740723,66.47694396972656,-23.49823760986328,-7.014514923095703,66.03186798095703,-24.295820236206055,2.755039232636597,124.8754230751498,1.0,0.0,0.0
941,True,True,-14.446279525756836,63.03245544433594,-23.178255081176758,-15.083157539367676,70.53947448730469,-24.04789161682129,7.584010563009795,27.315857246345576,1.0,1.0,0.0
942,True,True,-14.560157775878906,62.60760498046875,-23.168909072875977,-15.09885025024414,70.17098236083984,-23.68082046508789,7.599797382386138,77.706193498331,1.0,1.0,0.0
943,True,True,-15.195818901062012,61.32881164550781,-23.38957977294922,-15.282150268554688,70.04622650146484,-23.771665573120117,8.726211344825757,29.255015121333322,1.0,1.0,0.0
944,True,True,-15.16854190826416,61.48235321044922,-23.389284133911133,-15.273909568786621,70.15740966796875,-24.028886795043945,8.699241257096132,13.35605295759792,1.0,1.0,0.0
945,True,True,-10.078289031982422,66.9295425415039,-23.546844482421875,-14.779756546020508,70.85218811035156,-24.092344284057617,6.14723637726257,78.76610489910311,1.0,0.0,0.0
946,True,True,-9.916171073913574,66.93655395507812,-23.471975326538086,-14.768939971923828,70.85257720947266,-24.091323852539062,6.266434129799337,10.703597530918158,1.0,0.0,0.0
947,True,True,-11.58668327331543,65.84620666503906,-21.963899612426758,-13.941648483276367,70.65398406982422,-23.281843185424805,5.513398223935571,3.9428964513582128,1.0,0.5,0.3181818
948,True,True,-12.232542037963867,65.80368041992188,-22.121252059936523,-14.31122875213623,70.60059356689453,-23.384719848632812,5.37844448222243,90.54007840645227,1.0,0.5,0.3181818
949,True,True,-10.203963279724121,70.7068099975586,-21.348148345947266,-11.812816619873047,70.71798706054688,-21.278453826904297,1.610400982001076,2.1933242985240837,1.0,0.0,0.0
950,True,True,-10.060532569885254,71.1751480102539,-21.32777976989746,-11.591264724731445,71.3520736694336,-21.250579833984375,1.5428556150402462,1.1071754027132106,1.0,0.0,0.0
951,True,True,-10.13397216796875,71.16840362548828,-21.292625427246094,-11.711830139160156,71.34252166748047,-21.204952239990234,1.5898551687380378,4.132334211744805,1.0,0.0,0.0
952,True,True,-11.475666046142578,69.90038299560547,-21.638338088989258,-13.535709381103516,69.74456024169922,-21.658077239990234,2.066022484542254,10.20709110612183,1.0,0.0,0.0
953,True,True,-11.354850769042969,70.06311798095703,-21.577938079833984,-13.4443998336792,69.92792510986328,-21.581579208374023,2.0939211216599736,2.5577420106372837,1.0,0.0,0.0
954,True,True,-11.46568775177002,70.99559783935547,-21.772897720336914,-13.727651596069336,71.07804107666016,-21.829925537109375,2.2641840676456613,7.263653811381567,1.0,0.0,0.0
955,True,True,-15.662875175476074,59.2303466796875,-23.816736221313477,-15.335702896118164,69.94244384765625,-24.063636779785156,10.719935975655732,17.49910093117841,1.0,1.0,0.0
956,True,True,-15.908217430114746,56.10291290283203,-23.92776107788086,-15.261581420898438,69.67251586914062,-24.073896408081055,13.585787364978112,38.50610571580689,1.0,1.0,0.0
957,True,True,-16.02376365661621,56.50926208496094,-23.875940322875977,-16.780853271484375,65.14496612548828,-23.960979461669922,8.66924452392758,11.914021500193659,1.0,1.0,0.0
958,True,True,-15.834689140319824,56.31140899658203,-23.904081344604492,-16.56898307800293,65.10111236572266,-23.984420776367188,8.82068746349717,2.3658628699531894,1.0,1.0,0.0
959,True,True,-15.515572547912598,59.631744384765625,-23.76390266418457,-16.703445434570312,65.83941650390625,-23.84337615966797,6.320803047880605,15.22602365651861,1.0,1.0,0.0
960,True,True,-15.920395851135254,59.62822723388672,-23.74652671813965,-17.08749771118164,65.83863067626953,-23.828535079956055,6.319648964957771,18.85434954673436,1.0,1.0,0.0
961,True,True,-15.515572547912598,59.631744384765625,-23.76390266418457,-15.30329418182373,69.9013671875,-23.91309356689453,10.27289990901316,67.64799600988091,1.0,1.0,0.0
962,True,True,-15.9927339553833,54.51769256591797,-23.946195602416992,-15.158828735351562,69.53990173339844,-24.07539939880371,15.045891791732757,15.848969851836088,1.0,1.0,0.0
963,True,True,-15.95798110961914,52.689918518066406,-23.986492156982422,-15.121302604675293,69.29912567138672,-23.996816635131836,16.630270586415328,18.585827848845227,1.0,1.0,0.0
964,True,True,-15.922869682312012,54.52595520019531,-23.92181396484375,-15.10067367553711,69.4493179321289,-23.976119995117188,14.94609349118843,72.9673783940765,1.0,1.0,0.0
965,True,True,-15.956828117370605,52.79381561279297,-23.960981369018555,-15.118742942810059,69.30723571777344,-23.9886531829834,16.53469673301205,24.94582173273912,1.0,1.0,0.0
966,True,True,-16.248889923095703,53.514801025390625,-24.043651580810547,-16.512575149536133,64.49846649169922,-24.098411560058594,10.986966625495418,61.47425626305801,1.0,1.0,0.0
967,True,True,-15.947541236877441,52.514801025390625,-24.03472900390625,-16.208328247070312,64.34593200683594,-24.164501190185547,11.834716345782528,39.17999036006664,1.0,1.0,0.0
968,True,True,-15.95798110961914,52.689918518066406,-23.986492156982422,-16.24846649169922,64.33381652832031,-24.052682876586914,11.647708952483267,25.416598039379426,1.0,1.0,0.0
1072,True,True,-16.22036361694336,56.415565490722656,-23.954004287719727,-16.952627182006836,65.12420654296875,-24.024316787719727,8.739655757136072,16.729698931116005,1.0,1.0,0.0
1073,True,True,-16.657699584960938,56.30641174316406,-24.08392906188965,-17.350000381469727,65.0999984741211,-24.129323959350586,8.820913143457755,44.54148045434278,1.0,1.0,0.0
1074,True,True,-16.447742462158203,54.717498779296875,-24.06070899963379,-16.80000114440918,64.75,-24.112056732177734,10.038814845999914,45.03693160340506,1.0,1.0,0.0
1075,True,True,-4.437753200531006,68.42253875732422,-19.835796356201172,-4.578230857849121,68.43865966796875,-19.836952209472656,0.1414043562355134,0.16922483372392105,0.9,0.0,0.0
1076,True,True,-1.8430980443954468,65.98808288574219,-18.872690200805664,-1.842391014099121,65.99004364013672,-18.87282943725586,0.0020889797568810916,0.05720754841327205,0.50000006,0.0,0.0
1077,True,True,-0.5543941259384155,67.08622741699219,-19.973758697509766,-0.5543249249458313,67.08637237548828,-19.97376823425293,0.00016091206429159213,0.34268827415890835,0.45000005,0.0,0.0
1078,True,True,-2.9300360679626465,69.5700912475586,-20.675256729125977,-2.942382574081421,69.5711669921875,-20.675312042236328,0.012393405479840134,1.512319447878434,0.75,0.0,0.0
1080,True,True,-7.677292346954346,71.0953598022461,-20.93741798400879,-8.713347434997559,71.17768859863281,-20.931259155273438,1.0393392647957196,1.6213114274766314,0.9,0.0,0.0
1081,True,True,-4.997315406799316,72.22684478759766,-21.13731575012207,-5.274784088134766,72.29507446289062,-21.1373348236084,0.2857344187815232,2.0555865940709124,0.75,0.0,0.0
1082,True,True,-10.589807510375977,69.75920104980469,-21.53357696533203,-12.2846097946167,69.58361053466797,-21.527305603027344,1.70388560110669,5.4256580583433776,1.0,0.0,0.0
1083,True,True,-10.589046478271484,68.90711975097656,-21.67786979675293,-12.052526473999023,68.75391387939453,-21.70627212524414,1.471751483520778,11.112427856465775,1.0,0.0,0.0
1084,True,True,-16.248889923095703,53.514801025390625,-24.043651580810547,-16.512575149536133,64.49846649169922,-24.098411560058594,10.986966625495418,33.1354015409246,1.0,1.0,0.0
1085,True,True,-15.95798110961914,52.689918518066406,-23.986492156982422,-16.24846649169922,64.33381652832031,-24.052682876586914,11.647708952483267,4.63953483282735,1.0,1.0,0.0
1092,True,True,-16.89098358154297,66.64768981933594,-24.192962646484375,-18.657480239868164,68.0,-24.19675064086914,2.2246949493139976,6.73694628801973,1.0,1.0,0.0
1093,True,True,-16.943540573120117,62.903587341308594,-24.175085067749023,-18.48000144958496,66.5999984741211,-24.18589210510254,4.003034359051102,21.68770610964916,1.0,1.0,0.0
1097,True,True,-17.783653259277344,72.31732940673828,-24.101959228515625,-17.51624870300293,72.24130249023438,-24.1044979095459,0.278013909095897,8.58624882879393,1.0,0.0,0.0
1098,True,True,-18.173229217529297,71.74449157714844,-24.10352325439453,-17.781309127807617,71.62596130371094,-24.108518600463867,0.40948227792051073,9.827340910871579,1.0,0.0,0.0
1099,True,True,-16.23177146911621,70.25457000732422,-22.298906326293945,-16.545536041259766,70.49525451660156,-22.333538055419922,0.3969591873237836,9.765357089440682,1.0,0.0,0.0
1100,True,True,-15.5081148147583,70.79559326171875,-22.387130737304688,-15.986526489257812,70.94596099853516,-22.409639358520508,0.5019908610739363,7.48085359937485,1.0,0.0,0.0
1101,True,True,-4.20935583114624,75.66226196289062,-24.545513153076172,-6.418858528137207,75.68622589111328,-24.545513153076172,2.209632647719122,6.075718918410602,1.0,0.0,0.0
1102,True,True,-14.78095817565918,69.03434753417969,-22.172283172607422,-15.56478500366211,69.1233901977539,-22.19768714904785,0.7892771720077248,3.7664599520028643,1.0,0.0,0.0
1103,True,True,-14.130064010620117,69.62406158447266,-22.002220153808594,-15.06960391998291,69.63809204101562,-22.017419815063477,0.9397675907896125,6.682746368621919,1.0,0.0,0.0
1104,True,True,-15.195818901062012,61.32881164550781,-23.38957977294922,-16.650585174560547,66.2015609741211,-23.48980712890625,5.086263506041752,18.00893095530123,1.0,1.0,0.0
1105,True,True,-15.46239948272705,61.637542724609375,-23.47724151611328,-16.94435691833496,66.2703628540039,-23.562524795532227,4.864822034774261,14.797916697489544,1.0,1.0,0.0
1113,True,True,-10.387709617614746,72.56404876708984,-21.689332962036133,-11.954798698425293,73.74569702148438,-21.71318817138672,1.9628117218221537,3.1050674296831438,1.0,0.0,0.0
1114,True,True,-11.21268367767334,71.95801544189453,-21.757822036743164,-13.2891263961792,72.79727172851562,-21.80695343017578,2.240173960140074,2.9134487629232937,1.0,0.0,0.0
1115,True,True,-11.13992977142334,71.87194061279297,-21.676408767700195,-13.204737663269043,72.6302490234375,-21.70263671875,2.199807078199996,2.300563831019825,1.0,0.0,0.0
1116,True,True,-10.416125297546387,72.39128875732422,-21.603042602539062,-12.02871036529541,73.48941802978516,-21.606571197509766,1.9509820477762418,3.331694422023212,1.0,0.0,0.0
1119,True,True,-6.525197982788086,67.58861541748047,-19.86176872253418,-6.931884288787842,67.70030212402344,-19.875505447387695,0.42196726118958977,1.6047355575706452,1.0,0.0,0.0
1120,True,True,-3.1245052814483643,65.02733612060547,-18.680866241455078,-3.1205244064331055,65.0414810180664,-18.681814193725586,0.014724948338609161,0.6206281318909422,0.50000006,0.0,0.0
1121,True,True,-14.156973838806152,74.37552642822266,-23.77427101135254,-14.889707565307617,74.64549255371094,-23.774272918701172,0.7808843850836793,5.674140083498231,1.0,0.0,0.0
1128,True,True,-11.545572280883789,66.98967742919922,-21.665348052978516,-12.980569839477539,68.21837615966797,-21.91379165649414,1.9054245688437446,13.038090691745431,1.0,0.0,0.0
1129,True,True,-11.466303825378418,66.44995880126953,-21.853103637695312,-13.027756690979004,68.02239990234375,-22.072677612304688,2.2268629949248204,53.67964712699556,1.0,0.5,0.5
1130,True,True,-1.415194034576416,70.67770385742188,-22.40020751953125,-1.4151794910430908,70.6777114868164,-22.400209426879883,1.6533602187715348e-05,0.8632230035116223,0.59999996,0.0,0.0
1131,True,True,-2.448183298110962,73.09040832519531,-22.47123908996582,-2.4514496326446533,73.0997085571289,-22.47123908996582,0.009857142349820358,6.9792210467175195,0.75,0.0,0.0
1136,True,True,-1.6504111289978027,73.19759368896484,-24.530651092529297,-1.6615567207336426,73.20195770263672,-24.530651092529297,0.011969495831919294,8.668502750655056,0.75,0.0,0.0
1137,True,True,-0.7013475894927979,71.03577423095703,-24.519432067871094,-0.7013440132141113,71.03582000732422,-24.519432067871094,4.591585305892191e-05,0.08756822456968445,0.59999996,0.0,0.0
1138,True,True,-7.829420566558838,66.66963195800781,-20.108535766601562,-8.4196138381958,67.34479522705078,-20.370651245117188,0.9342794345525354,3.8510598872280792,1.0,0.0,0.0
1139,True,True,-7.195506572723389,63.644927978515625,-19.936904907226562,-7.809045314788818,65.10774230957031,-20.257434844970703,1.6183309291194015,5.316100445308794,0.49586776,0.0,0.0
1141,True,True,0.3647790551185608,68.24909210205078,-22.067256927490234,0.3647872805595398,68.24910736083984,-22.067256927490234,1.7334604782138713e-05,0.04372096458501215,0.45000005,0.0,0.0
1142,True,True,-10.290451049804688,61.254791259765625,-22.422119140625,-10.25540542602539,63.80363082885742,-22.685335159301758,2.562634194964662,21.305683241611234,0.49586776,0.0,0.0
1143,True,True,-10.640787124633789,61.13269805908203,-24.154172897338867,-10.611444473266602,64.5162124633789,-24.180408477783203,3.3837433444271365,20.566196957533272,0.49586776,0.0,0.0
1149,True,True,-11.608804702758789,61.46117401123047,-24.145353317260742,-11.800477981567383,66.92548370361328,-24.15567970275879,5.467680101680734,2.449700937156167,1.0,0.0,1.0
1150,True,True,-11.086834907531738,61.79314422607422,-24.14594078063965,-11.179333686828613,67.10057830810547,-24.156230926513672,5.3082500361588485,37.117098791846786,1.0,0.0,1.0
1151,True,True,-11.038141250610352,62.15947723388672,-22.77297592163086,-11.12138843536377,67.15259552001953,-22.865644454956055,4.994671938190924,41.155431407722084,1.0,0.0,1.0
1152,True,True,-15.344461441040039,68.77534484863281,-22.29043197631836,-15.861430168151855,69.12387084960938,-22.32252311706543,0.6243051172966427,5.667640788801684,1.0,0.5,0.0
1153,True,True,-16.518293380737305,70.00477600097656,-22.414291381835938,-16.63212013244629,70.25091552734375,-22.443092346191406,0.27270990336378903,9.285362469978896,1.0,0.5,0.0
1154,True,True,-13.33830451965332,67.50411224365234,-22.19202995300293,-14.75869369506836,68.36155700683594,-22.390777587890625,1.6709929844019802,7.808736334800136,1.0,0.5,0.0
1155,True,True,-13.193608283996582,67.98108673095703,-22.195161819458008,-14.545738220214844,68.62983703613281,-22.266679763793945,1.5014150456303907,16.95678893321672,1.0,0.0,0.0
1156,True,True,-11.58668327331543,65.84620666503906,-21.963899612426758,-13.299330711364746,67.72096252441406,-22.26525115966797,2.5570849681507366,36.21258246481884,1.0,0.5,0.3181818
1159,True,True,-11.0799560546875,63.75115966796875,-21.62899398803711,-11.171147346496582,67.2981948852539,-21.790302276611328,3.5518720484169624,45.053106228017576,1.0,0.0,1.0
1163,True,True,-15.834689140319824,56.31140899658203,-23.904081344604492,-15.24950885772705,69.60604095458984,-23.969511032104492,13.307665306357247,74.53394717870175,1.0,1.0,0.0
1168,True,True,-16.290075302124023,59.486358642578125,-23.85218620300293,-17.417377471923828,65.80682373046875,-23.920339584350586,6.4205711578230105,17.029369235302344,1.0,1.0,0.0
1169,True,True,-12.791213989257812,68.24884033203125,-22.012378692626953,-14.186448097229004,68.76193237304688,-22.100839614868164,1.4892169060830298,12.631152903437599,1.0,0.0,0.0
1170,True,True,-14.572430610656738,71.31722259521484,-22.291057586669922,-15.306151390075684,71.5109634399414,-22.30327606201172,0.7589670534392021,13.394427094474485,1.0,0.0,0.0
1171,True,True,-17.191768646240234,72.6370620727539,-24.09939956665039,-17.08399772644043,72.84503173828125,-24.10056495666504,0.23423772340922674,20.527471449296105,1.0,0.0,0.0
1172,True,True,-8.58559513092041,65.62488555908203,-20.44921112060547,-9.525903701782227,67.17333984375,-20.883041381835938,1.8628203283468,8.468270110575874,1.0,0.0,0.0
1177,True,True,-10.838882446289062,61.55210876464844,-24.149572372436523,-10.897720336914062,66.17842864990234,-24.17235565185547,4.626750118159613,21.325718358103664,0.75,0.0,0.25
1178,True,True,-10.780729293823242,61.88273620605469,-22.643470764160156,-10.801519393920898,66.07637786865234,-22.82743263244629,4.197726121547263,20.094715887553146,0.75,0.0,0.25
1179,True,True,-12.572844505310059,61.26161193847656,-24.146575927734375,-12.947685241699219,66.757568359375,-24.156827926635742,5.50873376208662,21.126924730317274,1.0,0.0,1.0
1180,True,True,-18.657480239868164,69.88919067382812,-24.127735137939453,-18.525436401367188,70.27186584472656,-24.13200569152832,0.4048383619868252,28.906642445963872,1.0,0.75,0.0
1181,True,True,-16.31239128112793,68.03544616699219,-23.259061813354492,-17.19401741027832,68.71223449707031,-23.283098220825195,1.111703568499596,12.487390930124752,1.0,0.75,0.0
1184,True,True,-14.724616050720215,66.29310607910156,-23.156911849975586,-16.20534896850586,67.53499603271484,-23.185970306396484,1.9327972021371387,7.776395176088512,1.0,0.75,0.0
1185,True,True,-14.13544750213623,65.0187759399414,-23.145750045776367,-15.768494606018066,67.25528717041016,-23.128948211669922,2.7693153719175854,3.3663390005593077,1.0,0.75,0.1590909
1193,True,True,-10.421248435974121,72.26477813720703,-21.598257064819336,-12.058646202087402,73.28250122070312,-21.600698471069336,1.927910184530918,3.6169087774803637,1.0,0.0,0.0
1194,True,True,-11.067378044128418,71.81110382080078,-21.676359176635742,-13.11022663116455,72.5105209350586,-21.70287322998047,2.159425304171695,1.6519316305845038,1.0,0.0,0.0
1195,True,True,-10.843180656433105,71.59034729003906,-21.56988525390625,-12.802488327026367,72.08309936523438,-21.564769744873047,2.020326044005657,3.359305249925297,1.0,0.0,0.0
1196,True,True,-10.453490257263184,71.82027435302734,-21.476707458496094,-12.17707347869873,72.4875717163086,-21.443246841430664,1.8485520022846653,5.26456615454993,1.0,0.0,0.0
1197,True,True,-5.268795490264893,64.03471374511719,-19.031002044677734,-5.240156650543213,64.18250274658203,-19.03997039794922,0.15080518378020627,1.686213002176331,0.49586776,0.0,0.0
1198,True,True,-18.613550186157227,71.10030364990234,-24.107046127319336,-18.153915405273438,71.28035736083984,-24.11020278930664,0.4936531526642524,17.422076610835706,1.0,0.5,0.0
1199,True,True,-16.32320213317871,73.18009185791016,-24.095985412597656,-16.466276168823242,73.80842590332031,-24.09602165222168,0.6444174529064334,16.398032041168598,1.0,0.0,0.0
1200,True,True,-10.872588157653809,70.70491790771484,-21.45987892150879,-12.857787132263184,70.70756530761719,-21.424068450927734,1.9855237010218723,3.8970077224174484,1.0,0.0,0.0
1201,True,True,-10.961423873901367,70.58446502685547,-21.540071487426758,-12.981269836425781,70.55938720703125,-21.528764724731445,2.0200332799872287,2.333129558668757,1.0,0.0,0.0
1202,True,True,-10.595711708068848,70.47777557373047,-21.44523811340332,-12.414450645446777,70.43505859375,-21.40581512451172,1.8196676165625414,2.7421692423445942,1.0,0.0,0.0
1203,True,True,-10.596747398376465,70.57694244384766,-21.39108657836914,-12.426044464111328,70.55581665039062,-21.335046768188477,1.8302771686770436,2.954102736812568,1.0,0.0,0.0
1206,True,True,-10.631606101989746,70.4144058227539,-27.258222579956055,-12.46225643157959,70.38949584960938,-27.313440322875977,1.8316522964587563,3.9256265329197175,1.0,0.0,0.0
1207,True,True,-15.226995468139648,63.735198974609375,-24.319067001342773,-16.155616760253906,66.69466400146484,-24.301326751708984,3.1017874630292877,60.0997294505843,1.0,0.0,1.0
1208,True,True,-15.25253677368164,63.51560974121094,-24.306528091430664,-16.136518478393555,66.69987487792969,-24.30718421936035,3.3046888727521266,86.66861702519172,1.0,0.0,1.0
1209,True,True,-14.225363731384277,63.54749298095703,-22.614919662475586,-14.914182662963867,67.33063507080078,-22.817180633544922,3.8506551511226883,58.82686684978528,1.0,0.0,1.0
1210,True,True,-14.241490364074707,63.68860626220703,-22.60263442993164,-14.94020938873291,67.33444213867188,-22.8449649810791,3.7200875808987237,8.410020698019173,1.0,0.0,1.0
1211,True,True,-10.866647720336914,70.58316802978516,-27.188623428344727,-12.834774017333984,70.59140014648438,-27.223676681518555,1.9684556431971787,4.975967962493142,1.0,0.0,0.0
1212,True,True,-10.627449035644531,70.3300552368164,-27.204273223876953,-12.447722434997559,70.28665924072266,-27.24295425415039,1.8212014394273384,3.2581342937440234,1.0,0.0,0.0
1213,True,True,-10.935040473937988,70.5006332397461,-27.108427047729492,-12.93247127532959,70.48963928222656,-27.11911392211914,1.9974896452132254,2.835095910960929,1.0,0.0,0.0
1214,True,True,-10.633671760559082,69.84082794189453,-27.174560546875,-12.38676643371582,69.69383239746094,-27.199853897094727,1.7594284232952466,4.04584398600087,1.0,0.0,0.0
1215,True,True,-10.619560241699219,69.70954132080078,-27.117202758789062,-12.339795112609863,69.54216766357422,-27.124235153198242,1.728372473398452,5.704575002906207,1.0,0.0,0.0
1219,True,True,-9.779319763183594,72.11832427978516,-21.38408851623535,-11.083641052246094,72.92900848388672,-21.32970428466797,1.536691429183042,3.8069314189131522,1.0,0.0,0.0
1220,True,True,-9.660656929016113,71.1586685180664,-21.23682975769043,-10.923856735229492,71.3210220336914,-21.133174896240234,1.2778015279203474,1.1819760542508648,1.0,0.0,0.0
1221,True,True,-9.665827751159668,72.25045013427734,-21.434391021728516,-10.91601848602295,73.118408203125,-21.397052764892578,1.5224067223443578,4.511174113656338,1.0,0.0,0.0
1222,True,True,-10.602032661437988,69.91458892822266,-21.475727081298828,-12.336044311523438,69.75865936279297,-21.45112419128418,1.7411822805795567,3.4018681090738987,1.0,0.0,0.0
1225,True,True,-10.112342834472656,70.2186050415039,-27.333791732788086,-11.610685348510742,70.16009521484375,-27.4108943939209,1.50146545399604,3.5476291124696546,1.0,0.0,0.0
1226,True,True,-10.624432563781738,69.95533752441406,-27.15696907043457,-12.392508506774902,69.83006286621094,-27.17880630493164,1.7726429829465256,2.859839345419538,1.0,0.0,0.0
1227,True,True,-10.497642517089844,71.60645294189453,-21.37097930908203,-12.270405769348145,72.09720611572266,-21.30612564086914,1.8405798609298303,3.882239946247291,1.0,0.0,0.0
1228,True,True,-10.751419067382812,71.43907928466797,-21.421518325805664,-12.675481796264648,71.80541229248047,-21.372177124023438,1.9592477667407164,4.254827263051872,1.0,0.0,0.0
1229,True,True,-10.260733604431152,71.5125961303711,-21.310039520263672,-11.90202808380127,71.91800689697266,-21.226985931396484,1.6926616189631674,2.6440560431904223,1.0,0.0,0.0
1230,True,True,-10.927481651306152,71.07520294189453,-21.50016212463379,-12.952680587768555,71.20142364501953,-21.475248336791992,2.0292814233049197,4.0372212073853095,1.0,0.0,0.0
1231,True,True,-10.992988586425781,71.0627212524414,-21.5781192779541,-13.04994010925293,71.18212890625,-21.576597213745117,2.0604150241464594,1.9988742537550177,1.0,0.0,0.0
1241,True,True,-10.38723087310791,72.35230255126953,-26.96334457397461,-11.94253921508789,73.42648315429688,-26.939861297607422,1.8903437440903814,3.76468873128588,1.0,0.0,0.0
1242,True,True,-11.150505065917969,71.89028930664062,-26.891014099121094,-13.162870407104492,72.68950653076172,-26.84230613708496,2.16581044953299,0.7004430759371533,1.0,0.0,0.0
1327,True,True,-16.181655883789062,56.424354553222656,-24.24009132385254,-16.917282104492188,65.12615203857422,-24.255050659179688,8.732848859013316,21.71316941489978,1.0,1.0,0.0
1328,True,True,-16.30387306213379,59.396751403808594,-24.420448303222656,-17.41718864440918,65.7864990234375,-24.40517807006836,6.4860295565400445,22.012057925810666,1.0,1.0,0.0
1331,True,True,-10.479354858398438,71.71183013916016,-21.418006896972656,-12.230886459350586,72.2890625,-21.36709213256836,1.8448990380964159,6.716453552569244,1.0,0.0,0.0
1332,True,True,-10.192914962768555,71.611083984375,-21.336854934692383,-11.784111976623535,72.08876037597656,-21.261667251586914,1.6630501675190874,4.54450368942928,1.0,0.0,0.0
1384,True,True,-10.755327224731445,71.2427749633789,-27.227466583251953,-12.663479804992676,71.49856567382812,-27.276304244995117,1.92584014765355,4.002244335386379,1.0,0.0,0.0
1385,True,True,-10.52108383178711,71.3676986694336,-27.27911949157715,-12.29161262512207,71.70523071289062,-27.343791961669922,1.8035749545766964,3.2087919426616094,1.0,0.0,0.0
1588,True,True,-15.135271072387695,62.869110107421875,-24.32709503173828,-15.23996353149414,70.49791717529297,-24.103227615356445,7.632809077260559,13.031459497129939,1.0,1.0,0.0
1589,True,True,-14.089046478271484,65.39158630371094,-24.134592056274414,-15.087273597717285,70.84630584716797,-24.100296020507812,5.545412419093682,8.175579607843257,1.0,1.0,0.0
1590,True,True,-13.855490684509277,62.99554443359375,-23.28758430480957,-14.474034309387207,66.7315902709961,-23.349376678466797,3.787407162227307,34.481926310293275,1.0,0.0,1.0
1591,True,True,-12.964578628540039,63.26280212402344,-22.151031494140625,-13.413848876953125,66.87657928466797,-22.281017303466797,3.6439162220791226,8.22382168465443,1.0,0.0,1.0
1594,True,True,-14.225363731384277,63.54749298095703,-22.614919662475586,-14.914182662963867,67.33063507080078,-22.817180633544922,3.8506551511226883,15.13118090410399,1.0,0.0,1.0
1595,True,True,-15.25253677368164,63.51560974121094,-24.306528091430664,-16.136518478393555,66.69987487792969,-24.30718421936035,3.3046888727521266,35.175909684983196,1.0,0.0,1.0
1596,True,True,-14.400321960449219,62.19110870361328,-24.41277503967285,-15.122383117675781,66.5573959350586,-24.407054901123047,4.4255925278139605,44.99703797824902,1.0,0.0,1.0
1690,True,True,-10.119407653808594,71.71199798583984,-21.375232696533203,-11.65419864654541,72.26433563232422,-21.3113956451416,1.6324017386171625,3.126290067722022,1.0,0.0,0.0
1691,True,True,-9.851910591125488,72.02933502197266,-21.406091690063477,-11.19794750213623,72.79222106933594,-21.355173110961914,1.5480320373825063,3.446184780286001,1.0,0.0,0.0
1788,True,True,-10.341788291931152,65.98201751708984,-24.5433349609375,-14.78261661529541,70.83727264404297,-24.105722427368164,6.594388771898104,9.343526868801105,1.0,0.0,0.0
1855,True,True,-12.336724281311035,68.60820770263672,-26.704790115356445,-13.918126106262207,68.96782684326172,-26.495071411132812,1.6352796681803392,21.49393549833945,1.0,0.0,0.0
1856,True,True,-11.047919273376465,66.98246002197266,-26.97810173034668,-12.687394142150879,68.2649917602539,-26.688814163208008,2.1015358197143867,18.997061234212076,1.0,0.0,0.0
1857,True,True,-11.096353530883789,66.47525024414062,-26.795114517211914,-12.765665054321289,68.08975219726562,-26.518714904785156,2.338720646993849,65.27595452310021,1.0,0.5,0.5
1858,True,True,-12.881926536560059,67.96985626220703,-26.597522735595703,-14.297408103942871,68.72685241699219,-26.32623863220215,1.6279515689092414,14.023976487543662,1.0,0.0,0.0
1860,True,True,-13.060066223144531,63.819007873535156,-22.149198532104492,-13.52747917175293,67.8080062866211,-22.363758087158203,4.022016783504735,24.892348793713108,1.0,0.0,1.0
1894,True,True,-16.308732986450195,68.58914184570312,-25.151166915893555,-16.865175247192383,69.16857147216797,-25.132291793823242,0.8035688842894766,11.135351115054926,1.0,0.75,0.0
1914,True,True,-10.06457233428955,64.15252685546875,-24.117822647094727,-6.886107921600342,66.04046630859375,-24.29918098449707,3.701329794539123,113.17465368271971,1.0,0.0,1.0
1915,True,True,-9.849769592285156,71.78942108154297,-27.270570755004883,-11.177281379699707,72.39892578125,-27.329296112060547,1.4619275605346693,3.2873630747461484,1.0,0.0,0.0
1916,True,True,-9.739567756652832,71.9103775024414,-27.221200942993164,-11.0065279006958,72.58821105957031,-27.263158798217773,1.4375001910881458,3.4814519966784907,1.0,0.0,0.0
1917,True,True,-9.754709243774414,70.85932159423828,-27.416942596435547,-11.055460929870605,70.93719482421875,-27.521780014038086,1.3072911202020936,1.0569286187534923,1.0,0.0,0.0
1968,True,True,-15.43535041809082,61.19398498535156,-24.28601837158203,-15.364242553710938,70.11293029785156,-24.100168228149414,8.921164839389322,16.888556159921233,1.0,1.0,0.0
1969,True,True,-15.104662895202637,62.789093017578125,-24.92949104309082,-15.124507904052734,70.45708465576172,-24.136423110961914,7.708919919975885,19.083249067202463,1.0,0.75,0.25
2001,True,True,-13.060066223144531,63.819007873535156,-22.149198532104492,-13.52747917175293,67.8080062866211,-22.363758087158203,4.022016783504735,58.14565234978785,1.0,0.0,1.0
2002,True,True,-11.58668327331543,65.84620666503906,-21.963899612426758,-13.299330711364746,67.72096252441406,-22.26525115966797,2.5570849681507366,91.73070271135903,1.0,0.5,0.3181818
2003,True,True,-11.427310943603516,65.76834106445312,-22.006580352783203,-13.270082473754883,67.73886108398438,-22.379596710205078,2.7235816974370595,73.08435374954469,1.0,0.5,0.3181818
2004,True,True,-13.100520133972168,63.94903564453125,-22.2617130279541,-13.503175735473633,67.82951354980469,-22.3749942779541,3.9029569493318004,34.00891768718289,1.0,0.0,1.0
2038,True,True,-15.283011436462402,67.37069702148438,-23.059850692749023,-16.588224411010742,68.18783569335938,-23.0888729095459,1.5401749274257028,2.3899469189651033,1.0,0.75,0.0
2059,True,True,-16.908100128173828,59.45623779296875,-24.124305725097656,-18.0,65.80000305175781,-24.152713775634766,6.437111930520425,37.120899396999704,1.0,1.0,0.0
2090,True,True,0.7600442171096802,68.75039672851562,-24.51971435546875,0.760047197341919,68.75040435791016,-24.51971435546875,8.190814679289762e-06,0.00027244076247725786,0.45,0.0,0.0
2097,True,True,-14.601513862609863,70.82093811035156,-26.013065338134766,-15.419398307800293,70.91059112548828,-26.002073287963867,0.8228568854755492,11.59494446305765,1.0,0.0,0.0
2098,True,True,-12.943458557128906,69.56512451171875,-26.308259963989258,-14.432719230651855,69.50244140625,-26.271026611328125,1.4910442139533029,9.960316352238214,1.0,0.0,0.0
2099,True,True,-13.814424514770508,68.85851287841797,-26.299840927124023,-14.83541202545166,69.31330108642578,-26.219636917114258,1.1205715034443362,3.7162710783366784,1.0,0.0,0.0
2100,True,True,-15.110166549682617,70.5776596069336,-26.024049758911133,-15.759079933166504,70.69617462158203,-26.00833511352539,0.6598343262071358,11.720588256042527,1.0,0.0,0.0
2124,True,True,-4.338993072509766,70.91487121582031,-27.95879364013672,-4.5282487869262695,70.92733001708984,-27.95873260498047,0.18966536556173152,1.7258761683216606,0.75,0.0,0.0
2125,True,True,-6.447748184204102,70.0439682006836,-28.059812545776367,-7.120603561401367,70.08465576171875,-28.058544158935547,0.6740856362892197,1.3383841089378923,0.9,0.0,0.0
2126,True,True,-11.611364364624023,63.334144592285156,-24.127517700195312,-6.7830281257629395,65.97576141357422,-24.297468185424805,5.5063466503160035,15.482755146029733,1.0,0.0,1.0
2127,True,True,-10.593696594238281,70.04627990722656,-21.493200302124023,-12.348493576049805,69.9123764038086,-21.471393585205078,1.7600335589144944,2.629932101464648,1.0,0.0,0.0
2128,True,True,-11.252764701843262,70.18913269042969,-21.593902587890625,-13.34369945526123,70.07540893554688,-21.600910186767578,2.0940368530467004,1.9990249464763037,1.0,0.0,0.0
2129,True,True,-15.03419017791748,62.12803649902344,-23.635486602783203,-15.096822738647461,70.3122329711914,-24.054161071777344,8.195137768439146,33.31886381425933,1.0,0.75,0.25
2130,True,True,-14.152623176574707,64.9087142944336,-25.41427230834961,-15.903700828552246,67.15943908691406,-25.276044845581055,2.85502046686269,4.329805658448186,1.0,0.75,0.1590909
2131,True,True,-11.154276847839355,65.95922088623047,-26.77578353881836,-13.034605026245117,67.78121185302734,-26.356035232543945,2.651692625893201,9.872010751636225,1.0,0.5,0.3181818
2132,True,True,-10.911275863647461,70.93540954589844,-27.148193359375,-12.910744667053223,71.02969360351562,-27.172428131103516,2.001837232013223,4.2731902024590145,1.0,0.0,0.0
2133,True,True,-10.794493675231934,71.32917022705078,-27.159215927124023,-12.717140197753906,71.64456939697266,-27.187786102294922,1.9485539617528014,5.394687991662026,1.0,0.0,0.0
2134,True,True,-9.96564769744873,65.69341278076172,-24.543418884277344,-7.020851135253906,66.02865600585938,-24.302824020385742,2.9735669996183627,46.26891507088301,1.0,0.0,0.0
2137,True,True,-15.042943000793457,63.602317810058594,-24.199596405029297,-7.171509742736816,65.91749572753906,-24.29934310913086,8.205453048467739,27.860681272372354,1.0,0.0,1.0
2138,True,True,-14.985745429992676,63.81858825683594,-24.338584899902344,-7.170801639556885,65.93843841552734,-24.301624298095703,8.097436460328714,27.903265380367454,1.0,0.0,1.0
2140,True,True,-14.241490364074707,63.68860626220703,-22.60263442993164,-14.94020938873291,67.33444213867188,-22.8449649810791,3.7200875808987237,36.59559355297479,1.0,0.0,1.0
2141,True,True,-14.225363731384277,63.54749298095703,-22.614919662475586,-14.914182662963867,67.33063507080078,-22.817180633544922,3.8506551511226883,55.80221640774464,1.0,0.0,1.0
2142,True,True,-13.060066223144531,63.819007873535156,-22.149198532104492,-13.52747917175293,67.8080062866211,-22.363758087158203,4.022016783504735,34.65447503400636,1.0,0.0,1.0
2143,True,True,-13.100520133972168,63.94903564453125,-22.2617130279541,-13.503175735473633,67.82951354980469,-22.3749942779541,3.9029569493318004,18.44798509888324,1.0,0.0,1.0
2145,True,True,-10.801401138305664,71.51383209228516,-21.489755630493164,-12.745962142944336,71.94124603271484,-21.460742950439453,1.9911910789371503,5.454042103940325,1.0,0.0,0.0
2148,True,True,-9.992067337036133,70.33855438232422,-21.277528762817383,-11.431517601013184,70.27637481689453,-21.1893310546875,1.4434895900352,2.9886356264036853,1.0,0.0,0.0
2149,True,True,-10.035785675048828,70.42469024658203,-21.317947387695312,-11.511273384094238,70.3787841796875,-21.24042320251465,1.478235889771901,3.4850195486486957,1.0,0.0,0.0
2150,True,True,-9.74575138092041,71.16719818115234,-21.28172492980957,-11.065051078796387,71.33534240722656,-21.190710067749023,1.3330820975069921,3.1949635350288816,1.0,0.0,0.0
2168,True,True,-11.169466972351074,70.22249603271484,-27.054424285888672,-13.25273323059082,70.14432525634766,-27.047332763671875,2.0847444118369602,2.1443817372211056,1.0,0.0,0.0
2176,True,True,-1.4813106060028076,70.11869812011719,-26.64603042602539,-1.4812811613082886,70.11871337890625,-26.646028518676758,3.321834820969761e-05,0.6197842019718831,0.59999996,0.0,0.0
2177,True,True,-2.3770952224731445,72.14076232910156,-26.6007080078125,-2.3775973320007324,72.14654541015625,-26.6007080078125,0.0058048376775565414,2.014372910394997,0.75,0.0,0.0
2194,True,True,-2.530085802078247,68.93618774414062,-27.995460510253906,-2.530243396759033,68.93669128417969,-27.99540138244629,0.0005309281985210074,1.2163549728401326,0.75,0.0,0.0
2195,True,True,-15.816764831542969,56.49102020263672,-24.407407760620117,-15.254444122314453,69.6219711303711,-24.13176918029785,13.14587591123382,63.99559075115298,1.0,1.0,0.0
2198,True,True,-3.77571177482605,67.90946197509766,-28.825119018554688,-3.8100218772888184,67.91888427734375,-28.82427978515625,0.03559026866040032,0.21999260539705903,0.9,0.0,0.0
2199,True,True,-2.3643884658813477,66.0014419555664,-29.53970718383789,-2.363065004348755,66.00518798828125,-29.53944206237793,0.003981783635189671,0.08428155585813943,0.50000006,0.0,0.0
2200,True,True,-3.387364149093628,65.08165740966797,-29.809297561645508,-3.382192611694336,65.1001968383789,-29.808053970336914,0.019287346508605568,0.5626421096092313,0.50000006,0.0,0.0
2201,True,True,-5.463886737823486,67.13211822509766,-28.91058349609375,-5.664491176605225,67.21573638916016,-28.90260124206543,0.21748069937236267,1.46748035626415,1.0,0.0,0.0
2208,True,True,-1.644102931022644,67.04425811767578,-28.319135665893555,-1.643790602684021,67.0449447631836,-28.319091796875,0.0007556159972466638,0.08567521383940872,0.45000005,0.0,0.0
2218,True,True,-10.815130233764648,62.01878356933594,-25.881328582763672,-10.85600471496582,67.21219635009766,-25.78749656677246,5.194421188334424,32.287508240478054,1.0,0.0,1.0
2219,True,True,-10.665574073791504,61.803855895996094,-26.008827209472656,-10.593360900878906,66.27245330810547,-25.84054946899414,4.472347814268615,15.446055327322512,0.75,0.0,0.25
2223,True,True,-8.136334419250488,65.55047607421875,-28.237762451171875,-9.057417869567871,67.0591812133789,-27.826316833496094,1.8149031422314101,9.512459520598892,1.0,0.0,0.0
2224,True,True,-10.521239280700684,68.92538452148438,-26.973072052001953,-12.014618873596191,68.7511215209961,-26.942102432250977,1.5038315461392116,13.802506340439558,1.0,0.0,0.0
2225,True,True,-7.0064568519592285,66.381591796875,-28.670833587646484,-7.691361427307129,66.98884582519531,-28.393299102783203,0.9564920922475322,3.589875033056539,1.0,0.0,0.0
2226,True,True,-17.783653259277344,72.31732940673828,-24.101959228515625,-17.51624870300293,72.24130249023438,-24.1044979095459,0.278013909095897,7.841971489972311,1.0,0.0,0.0
2227,True,True,-13.801202774047852,71.54138946533203,-26.274742126464844,-14.848999977111816,71.87493896484375,-26.268922805786133,1.0996218040155203,14.188957485613736,1.0,0.0,0.0
2239,True,True,-10.961811065673828,70.94486236572266,-27.070192337036133,-12.986291885375977,71.04226684570312,-27.07110023498535,2.0268228946656475,2.539846293652087,1.0,0.0,0.0
2244,True,True,-10.29246711730957,61.272422790527344,-26.223623275756836,-10.165901184082031,64.13008880615234,-25.98272705078125,2.8705931414115984,20.975754630694183,0.49586776,0.0,0.0
2249,True,True,0.02364782616496086,68.02702331542969,-26.926475524902344,0.023664241656661034,68.02705383300781,-26.92647361755371,3.470488324690057e-05,0.003120961360500168,0.45000005,0.0,0.0
2282,True,True,-10.072941780090332,70.13707733154297,-27.374374389648438,-11.537874221801758,70.06306457519531,-27.46224594116211,1.4694306232164203,3.5080511660887748,1.0,0.0,0.0
2288,True,True,-5.405816078186035,64.13542175292969,-29.47039031982422,-5.3743791580200195,64.2975845336914,-29.460540771484375,0.16547525801882473,1.0387329266477179,0.49586776,0.0,0.0
2289,True,True,-7.188017845153809,63.67363739013672,-28.677030563354492,-7.673730850219727,65.1662368774414,-28.36623764038086,1.6001133065389073,4.48833416655701,0.49586776,0.0,0.0
2290,True,True,-13.436373710632324,62.59123229980469,-25.496307373046875,-13.975284576416016,66.77433776855469,-25.425575256347656,4.218269706441094,37.34547803650628,1.0,0.0,1.0
2291,True,True,-13.078972816467285,63.238006591796875,-26.48931884765625,-13.54997730255127,66.8622055053711,-26.359006881713867,3.6569993436602575,14.631700980683975,1.0,0.0,1.0
2292,True,True,-15.626189231872559,62.087669372558594,-24.871671676635742,-17.15349578857422,66.37689971923828,-24.820606231689453,4.553325154729167,13.971678859985216,1.0,1.0,0.0
2294,True,True,-2.9801979064941406,74.82015228271484,-24.537673950195312,-4.020820617675781,74.83800506591797,-24.537673950195312,1.0407758398882663,17.5913841958859,0.9,0.0,0.0
2295,True,True,-11.245393753051758,71.01318359375,-26.895252227783203,-13.401077270507812,71.13740539550781,-26.843862533569336,2.159871149891831,1.9859564833977477,1.0,0.0,0.0
2304,True,True,-10.425654411315918,72.03797149658203,-27.053564071655273,-12.053272247314453,72.9051513671875,-27.051637649536133,1.8442192004059748,3.596408960645052,1.0,0.0,0.0
2305,True,True,-10.469182968139648,71.58136749267578,-27.174001693725586,-12.188057899475098,72.08013153076172,-27.20756721496582,1.7900902880797283,5.1275863980542775,1.0,0.0,0.0
2306,True,True,-10.825644493103027,71.41870880126953,-27.079133987426758,-12.756755828857422,71.80132293701172,-27.083881378173828,1.9686561674573262,3.693519708582992,1.0,0.0,0.0
2307,True,True,-11.02128791809082,71.69701385498047,-26.972492218017578,-13.016131401062012,72.3198471069336,-26.945741653442383,2.0899850176487464,1.9714259923149657,1.0,0.0,0.0
2317,True,True,-13.811513900756836,64.02726745605469,-25.753761291503906,-14.421701431274414,67.5335693359375,-25.89032554626465,3.5616192231830794,21.10298165012436,1.0,0.0,1.0
2318,True,True,-13.217845916748047,64.4244613647461,-26.489532470703125,-13.71523666381836,67.80644989013672,-26.152233123779297,3.434969401694906,5.591919156005344,1.0,0.0,1.0
2319,True,True,-15.73297119140625,70.17090606689453,-25.750404357910156,-15.946435928344727,70.40660095214844,-25.72865104675293,0.3187357516774172,7.519225984939126,1.0,0.5,0.0
2320,True,True,-18.173229217529297,71.74449157714844,-24.10352325439453,-17.781309127807617,71.62596130371094,-24.108518600463867,0.40948227792051073,8.082131616447217,1.0,0.0,0.0
2321,True,True,-10.549195289611816,63.53852081298828,-27.124536514282227,-10.539542198181152,67.4527816772461,-26.956111907958984,3.9178946059905218,19.83222382006123,1.0,0.0,1.0
2322,True,True,-15.144658088684082,61.44428253173828,-24.98483657836914,-16.61745262145996,66.22697448730469,-24.914377212524414,5.004820736035345,14.706958415224344,1.0,1.0,0.0
2329,True,True,-14.624945640563965,65.8427505493164,-25.204843521118164,-16.095617294311523,67.31582641601562,-25.180551528930664,2.081686269127188,6.202620690666903,1.0,0.75,0.0
2330,True,True,-13.530034065246582,67.61663055419922,-26.534765243530273,-14.727025985717773,68.45357513427734,-26.15923500061035,1.5080745509234468,5.439233793063556,1.0,0.5,0.0
2333,True,True,-15.078120231628418,67.68489074707031,-25.3402042388916,-16.263471603393555,68.43206787109375,-25.316654205322266,1.4013872174707973,5.550938238330372,1.0,0.75,0.0
2334,True,True,-14.429302215576172,68.64081573486328,-26.20023536682129,-15.145516395568848,68.99935150146484,-26.169376373291016,0.8015378500338287,3.267647789527029,1.0,0.5,0.0
2339,True,True,-10.242621421813965,71.3346939086914,-27.31461524963379,-11.850090980529785,71.64246368408203,-27.389976501464844,1.638401640355494,3.939041054321168,1.0,0.0,0.0
2340,True,True,-10.498894691467285,71.4726333618164,-27.232364654541016,-12.246996879577637,71.88719940185547,-27.283231735229492,1.7973073531056496,5.871416664973278,1.0,0.0,0.0
2341,True,True,-10.170661926269531,71.42720031738281,-27.276798248291016,-11.725255966186523,71.7962875366211,-27.341026306152344,1.5990976354704298,2.6109495976147,1.0,0.0,0.0
2342,True,True,-10.419673919677734,72.16873168945312,-27.049097061157227,-12.022575378417969,73.13111877441406,-27.0461368560791,1.8696231573622761,3.5357198284025633,1.0,0.0,0.0
2442,True,True,-11.345913887023926,71.01937866210938,-21.75261688232422,-13.560813903808594,71.11431121826172,-21.803611755371094,2.2175199551858396,1.773427501873123,1.0,0.0,0.0
2497,True,True,-11.087770462036133,71.7765884399414,-26.97239112854004,-13.098878860473633,72.47270965576172,-26.946029663085938,2.128341294116591,2.9891310655017045,1.0,0.0,0.0
2560,True,True,-15.942400932312012,52.69065856933594,-24.090099334716797,-16.233623504638672,64.3339614868164,-24.135568618774414,11.647033135980788,5.620937063728908,1.0,1.0,0.0
2567,True,True,-9.916943550109863,71.71097564697266,-27.247982025146484,-11.287075996398926,72.27132415771484,-27.302001953125,1.4812736163463665,3.174490360115529,1.0,0.0,0.0
2568,True,True,-9.833233833312988,70.87480926513672,-27.371627807617188,-11.187684059143066,70.95658874511719,-27.46319580078125,1.3600029393237059,3.0455413268641274,1.0,0.0,0.0
2575,True,True,-15.226995468139648,63.735198974609375,-24.319067001342773,-7.189248085021973,65.92655944824219,-24.301349639892578,8.331131833377265,28.646669975740654,1.0,0.0,1.0
2581,True,True,-15.226995468139648,63.735198974609375,-24.319067001342773,-16.155616760253906,66.69466400146484,-24.301326751708984,3.1017874630292877,1.6230534179473322,1.0,0.0,1.0
2582,True,True,-13.799609184265137,64.16409301757812,-25.73928451538086,-14.427313804626465,67.5489273071289,-25.87000846862793,3.4450261261845667,20.04815586400012,1.0,0.0,1.0
2583,True,True,-13.811513900756836,64.02726745605469,-25.753761291503906,-14.421701431274414,67.5335693359375,-25.89032554626465,3.5616192231830794,2.258734159721454,1.0,0.0,1.0
2584,True,True,-15.25253677368164,63.51560974121094,-24.306528091430664,-16.136518478393555,66.69987487792969,-24.30718421936035,3.3046888727521266,63.77796984866275,1.0,0.0,1.0
2585,True,True,-13.799609184265137,64.16409301757812,-25.73928451538086,-14.427313804626465,67.5489273071289,-25.87000846862793,3.4450261261845667,26.988487055606146,1.0,0.0,1.0
2586,True,True,-13.207450866699219,64.51895141601562,-26.376970291137695,-13.689373970031738,67.82804870605469,-26.14064598083496,3.352346034064738,18.83543254528258,1.0,0.0,1.0
2587,True,True,-13.217845916748047,64.4244613647461,-26.489532470703125,-13.71523666381836,67.80644989013672,-26.152233123779297,3.434969401694906,27.927370206274603,1.0,0.0,1.0
2588,True,True,-13.811513900756836,64.02726745605469,-25.753761291503906,-14.421701431274414,67.5335693359375,-25.89032554626465,3.5616192231830794,35.208363749762675,1.0,0.0,1.0
2589,True,True,-13.217845916748047,64.4244613647461,-26.489532470703125,-13.71523666381836,67.80644989013672,-26.152233123779297,3.434969401694906,34.691603631796816,1.0,0.0,1.0
2590,True,True,-13.207450866699219,64.51895141601562,-26.376970291137695,-13.689373970031738,67.82804870605469,-26.14064598083496,3.352346034064738,30.2204764733591,1.0,0.0,1.0
2591,True,True,-11.187984466552734,65.90974426269531,-26.6431827545166,-13.001620292663574,67.79132843017578,-26.241294860839844,2.644077867262963,31.094254919458884,1.0,0.5,0.3181818
2592,True,True,-11.154276847839355,65.95922088623047,-26.77578353881836,-13.034605026245117,67.78121185302734,-26.356035232543945,2.651692625893201,36.76588286662685,1.0,0.5,0.3181818
2593,True,True,-10.308762550354004,71.24495697021484,-27.340930938720703,-11.963031768798828,71.49651336669922,-27.423959732055664,1.6753450534826888,1.8479776232956402,1.0,0.0,0.0
